ZIP_CODE,COUNTY,DOMAIN_NAME,ZIP_CODE,STREET_NAME,LATITUDE,STREET_ADDRESS,STATE
10108-9702,Borders,rosalyn.com,14649-0404,Riley Cliff,-21.2197,20530 Adaline Spurs,Georgia
44432-2684,Berkshire,devin.info,13405,Johan Village,53.0743,9482 Sporer Keys,Maryland
61808-2074,Bedfordshire,garret.name,56865-6328,Alanis Inlet,-28.6071,95859 Langosh Cliffs,Massachusetts
17550-8516,Bedfordshire,laverne.biz,52518-3593,Waylon Orchard,-21.0279,52675 Damon Heights,Rhode Island
38743,Buckinghamshire,karolann.org,41460,Wunsch Divide,-56.7542,06510 Jerde Village,Maine
82714,Buckinghamshire,garland.name,42180-4334,Ellie Port,37.1570,0617 Witting Trail,Nebraska
83965,Avon,isom.com,26248-9626,Mauricio Knolls,-77.8493,31471 Dortha Manor,Maryland
68947,Cambridgeshire,madge.biz,74681,Fahey Springs,64.4014,67707 Uriah Bypass,Delaware
86164-5721,Cambridgeshire,dorian.org,85628-0372,Manley Fall,-77.0278,0288 Daugherty Ports,Arkansas
52055-5653,Berkshire,malika.com,60830,Jerry Wall,77.5938,39286 Casimir Tunnel,Colorado
59525,Bedfordshire,jaquelin.net,99789-0513,O'Keefe Flats,-30.5071,244 Smitham Parkway,New Hampshire
77196-1940,Berkshire,krystina.org,21122,Keebler Glens,-35.2442,79870 Bins Canyon,Vermont
54867-2265,Bedfordshire,gaetano.net,58374,Zieme Viaduct,86.0457,1204 Sipes Lodge,Alabama
08846-6660,Bedfordshire,mauricio.name,61990,Johanna Lakes,68.7770,816 Marks Plain,Louisiana
23600,Buckinghamshire,caterina.name,06698,Kirlin Loaf,59.7952,32972 Emile Passage,Wyoming
23673-5623,Berkshire,pietro.name,81443,Zieme Hollow,35.1481,8652 Adams Ranch,Missouri
81063-7893,Borders,herman.net,24073-0979,VonRueden Walks,49.2329,941 Flo Crescent,Hawaii
48618-3015,Cambridgeshire,ken.org,93143,Green Brooks,68.7527,2708 Bechtelar Flat,Idaho
26662,Bedfordshire,natalia.org,77045-7723,Tillman Wells,-6.2463,37835 Mohr Oval,Montana
85377-3373,Buckinghamshire,deangelo.name,66914-1685,Lisandro Extension,-59.1553,2718 Lourdes Drives,Nevada
98724-3129,Avon,marion.net,74730-6395,Daren Locks,75.3911,1059 Jacobs Terrace,Louisiana
37502,Cambridgeshire,wilmer.biz,06726,Lueilwitz Estates,43.0426,071 Alfonzo Stravenue,Louisiana
09477,Cambridgeshire,halle.net,64374,Kihn Parkways,78.1430,880 Naomi Parkway,Tennessee
02298-6654,Bedfordshire,elisabeth.biz,75853-1764,Luz Spur,-4.0715,4875 Goldner Harbors,California
36181-5803,Cambridgeshire,buck.net,46085-4670,Homenick Point,11.5342,98270 Hirthe Roads,Oregon
30112,Avon,dominic.org,54335,Litzy Field,-2.4867,6239 Monserrat Forge,Michigan
58302,Borders,liliane.com,40813,Ritchie Trafficway,-33.6486,869 Kerluke Shoal,Oklahoma
22789-5373,Berkshire,sadye.biz,16198,Jazmin Mount,41.7703,834 Gulgowski Key,New Mexico
08409-3966,Cambridgeshire,jerry.biz,40315,Hand Mission,75.0371,00582 Friesen Overpass,Indiana
84656,Buckinghamshire,ryann.net,47706-1486,Mac Village,-2.6490,154 Effertz Square,North Carolina
39730-6980,Bedfordshire,hilbert.net,17123-3891,Deckow Heights,23.2985,072 Lesch Burgs,Ohio
34760,Bedfordshire,willis.org,60370,Jennings Village,42.0846,595 Michaela Hills,Georgia
99663,Buckinghamshire,wava.name,38503-1571,Smith Mount,43.4079,023 Shyanne Junction,West Virginia
32296-4093,Bedfordshire,sonya.com,52390,Jones Cliff,61.4059,6142 Roob Camp,Kentucky
51797-1509,Berkshire,elliot.com,65265-3214,Mireya Prairie,-12.5922,8636 Hartmann Street,Nevada
19974,Cambridgeshire,alex.name,66895,Evie Overpass,-44.0688,037 Gaylord Crossroad,Tennessee
48134,Buckinghamshire,emil.biz,81218,Wolff Causeway,-86.9503,27720 Trace Summit,New Mexico
20584-6817,Borders,uriah.net,35315,Smitham Street,-15.9559,2148 Toy Trail,Idaho
80746,Berkshire,haskell.org,69315-6794,Lucius Port,26.5252,5081 Agustina Alley,Colorado
45128-9219,Borders,hilma.info,87076-3113,Cayla Corners,-86.6240,27463 Roma Mountains,Louisiana
29814-3583,Cambridgeshire,princess.info,94359-5892,Anabel Estates,70.7209,339 America Plaza,Nevada
52517,Borders,lorenza.org,73461,Otha Curve,73.4223,5455 Viola Field,Connecticut
23500,Berkshire,kassandra.name,55618-6115,Marco Gateway,-43.3433,947 Klocko Junctions,Arizona
49960,Borders,anna.info,53353,Itzel Valleys,-73.4136,4924 Mohr Park,Ohio
90441,Buckinghamshire,daniella.net,30748-1990,Favian Center,11.0522,32031 Madilyn Fort,New York
80383-8896,Cambridgeshire,kim.net,94292,Lakin Mountains,25.7789,714 Considine Plaza,California
40646-0450,Bedfordshire,elnora.info,70081-2918,Balistreri Row,82.3205,031 Predovic Roads,Rhode Island
50302,Buckinghamshire,jadon.net,77052-1094,Alice Crossing,84.2058,678 Reinger Burg,Indiana
77553-3382,Berkshire,paige.biz,25943,Gay Trail,42.8417,918 Kenyatta Land,Maine
94838-5222,Buckinghamshire,lindsey.biz,08154,Monroe Pine,-38.9962,797 Casper Common,Mississippi
82419,Cambridgeshire,sofia.org,17372-3535,Bauch Highway,76.3430,4318 Oberbrunner Avenue,Vermont
01531-1226,Buckinghamshire,merritt.name,78929,Shyann Common,-51.5758,30885 Walsh Circle,Michigan
10330-9079,Buckinghamshire,lexie.com,02566,Schmidt Summit,-4.4264,860 Foster Creek,North Dakota
03154,Bedfordshire,abigale.org,57683,Abbott Keys,-59.8408,68105 Turner Knolls,Hawaii
75304,Bedfordshire,ryder.name,49841-0944,Nicolas Court,33.0017,7453 Krajcik Junctions,Texas
46042-8348,Cambridgeshire,antonio.net,96889-5843,Brisa Centers,2.6815,978 Krajcik Inlet,North Carolina
81609-6895,Bedfordshire,marilyne.info,61566,Taylor Cove,-38.6122,704 Nitzsche Point,Montana
11025,Cambridgeshire,lionel.org,22500,Bogan Wells,24.3034,0036 Jed Mill,Hawaii
56015,Berkshire,amira.biz,21244-4352,Nathan Mountain,-8.1413,757 Jessyca Square,Nevada
67274-7426,Berkshire,margarita.com,34020,Torp Coves,-3.1624,281 Morissette Mission,Nevada
02510,Buckinghamshire,astrid.name,90456,Delfina Road,22.0711,3569 Edgardo Forges,Massachusetts
46486-7935,Berkshire,tod.com,78104-1152,Stone Springs,-45.5428,56548 Spinka Plains,Illinois
58749-1938,Avon,loraine.net,23140,Abbigail Track,-80.0923,6176 Elmo Springs,Montana
98286,Berkshire,meda.info,12002-1510,Beer Manors,30.8400,80802 Brown Mountain,Washington
96587-8274,Bedfordshire,adrienne.name,17432-0319,Walton Radial,49.9299,8266 Lakin Roads,Arkansas
60755,Avon,doris.org,98236-2207,Ward Curve,68.5187,7356 Trudie Rapids,California
36543,Berkshire,abdiel.com,62218,Jaskolski Summit,-71.0323,914 Kirlin Square,Nebraska
57144-8121,Bedfordshire,linwood.biz,33209-4891,Lehner River,-58.1742,34209 Pacocha Overpass,West Virginia
16377,Borders,luis.name,82643-8690,Jenkins Circle,72.8565,973 Welch Ferry,Louisiana
50884-4729,Berkshire,bernadette.com,16670-5691,Alysha Pine,70.7946,956 Ferry Plaza,California
38194,Berkshire,lina.org,28703,O'Kon Mountain,2.3131,762 Milo Ranch,New York
42625,Buckinghamshire,genevieve.info,04626-1868,Percival Trafficway,24.6837,38781 Quigley Junctions,Montana
38876,Berkshire,kevon.info,93710,Laura Streets,37.8214,5465 Hessel Trafficway,Ohio
52429-3141,Buckinghamshire,afton.biz,51163,Pfeffer Overpass,-57.8570,38214 Russell Green,California
95905,Avon,precious.com,62752,Michale Extension,64.8255,553 Frances Dam,Maine
38247,Cambridgeshire,florida.name,04321,Dietrich Stream,65.2848,1158 Moen Rest,Missouri
96261-6554,Borders,torey.biz,67739,Jaskolski Row,-47.7108,7538 Sanford Gateway,Missouri
12370,Avon,cydney.name,35829-5741,Toy Trace,-28.6132,2449 Yundt Lodge,South Carolina
73569-8824,Berkshire,german.name,73402-5371,Astrid Street,-85.9853,8815 Tremblay Mountains,New Hampshire
06366-6798,Borders,shirley.org,66257-1025,Chauncey Vista,-82.2009,4235 Liam Spurs,Vermont
12914-7100,Bedfordshire,rebeca.biz,54767-7065,Adrienne Cliff,-11.7139,3049 Leannon Stravenue,Virginia
51356,Avon,kavon.com,32708,Mose Lodge,80.2147,5281 Jaskolski Vista,California
64550-1921,Avon,jayde.org,36098,Kathlyn Points,89.9378,3199 Hackett Glens,Rhode Island
60935,Avon,laverne.info,51473-2365,Gusikowski Track,-58.7436,973 Maiya Locks,Nevada
75021-8600,Borders,nicole.org,18318-0917,Chloe Spur,-50.5098,72482 Gerlach Greens,Washington
86074,Cambridgeshire,theresia.org,95508-7793,Kunze Plains,-50.7293,8096 Mike Summit,North Carolina
53813-1767,Bedfordshire,jensen.org,46606,Prosacco Fort,-57.0610,46619 Orn Roads,Alabama
64356,Cambridgeshire,althea.com,99461,Lindsay Underpass,27.1614,311 Doyle Ville,Utah
42452,Bedfordshire,frank.info,05390-2910,Hansen Key,-19.9652,867 Welch Trace,Arizona
22831,Berkshire,webster.biz,39421-9045,Parisian Garden,-43.7396,7246 Katarina Glen,New York
08802,Bedfordshire,denis.org,21890-0788,Wyman Square,-68.0995,352 Bettie Trafficway,Vermont
95183-2642,Bedfordshire,margarete.info,34103-7299,Keon Groves,27.8828,66001 Lang Hollow,Connecticut
12704,Borders,elissa.org,97018-0870,Jazlyn Track,-76.1352,325 Dickinson Mission,Pennsylvania
36540-9548,Cambridgeshire,carlo.com,64561-6547,Rusty Ridge,-77.6993,586 Santiago Light,Alaska
71243,Berkshire,victor.net,04273-4001,Pink Mill,29.9406,436 Wyman Station,Kentucky
17067-1289,Berkshire,estrella.com,68151,Prosacco View,-60.0736,722 Murazik Passage,West Virginia
57498-7014,Buckinghamshire,leonie.info,97766-2814,Jennie Harbors,4.7365,86037 Clifford Station,South Dakota
88263,Borders,morgan.org,24498,Antonia Divide,51.3705,1033 Russel Plaza,South Dakota
01750-7688,Avon,eliza.net,22202-9387,Jaclyn Path,8.7065,4565 Clarissa Rest,South Carolina
21330-8467,Buckinghamshire,elna.com,83990,Felton Green,-25.2639,96887 Braun Extension,West Virginia
95307,Berkshire,rocio.net,48425,Kamren Prairie,15.5633,8502 Sarai Drive,Kentucky
07173-8917,Bedfordshire,kaylin.name,20796,Hortense Bridge,30.9761,3125 Cathy Club,Montana
38845-2653,Borders,derick.biz,16792,Cindy Stravenue,-79.9785,5031 Paolo Wells,Virginia
01536-8849,Bedfordshire,kaycee.net,27411,Marcelina Ramp,-49.3773,099 Bradtke Springs,Illinois
49471,Bedfordshire,michaela.info,23228-7821,Joaquin Skyway,28.6314,089 Zachary Burg,Florida
63051,Buckinghamshire,noel.com,20950-3942,Baumbach Knolls,15.1989,732 Boyd Junction,Nevada
06640,Berkshire,julianne.biz,18606-4031,Bergnaum Alley,78.0293,5716 O'Hara Islands,Idaho
37699-3289,Avon,eldon.org,05984,Brakus Radial,48.2000,74919 Harry Alley,Kentucky
85281,Cambridgeshire,zechariah.info,10173,Parker Lakes,56.1173,9726 Laney Corners,Indiana
83496,Borders,kitty.net,01057,Oda Key,-79.4890,899 Libby Green,Florida
89766,Avon,josiah.biz,23199,Herta Route,43.3243,21071 Bins Corners,Florida
15549-4294,Berkshire,katrina.net,13212-2368,Rhoda Path,82.7331,769 Hayley Drive,Nevada
59354,Avon,aaron.net,55701-2491,Teresa Forks,61.2228,178 Angelina Hills,West Virginia
63792-6115,Borders,karson.biz,15559-5492,Simonis Crescent,20.7771,077 Norwood Islands,Connecticut
56992-2958,Berkshire,hershel.name,39615,Kemmer Light,21.1600,531 Kris Light,North Carolina
62715-5449,Avon,dameon.org,04559-0437,Derek Rapid,-13.3029,84592 Helene Fields,Mississippi
26793,Cambridgeshire,elton.biz,09453-4061,Johnson Trail,87.4442,11470 Tromp Plain,Iowa
57001-5739,Bedfordshire,lucile.biz,25825,Price Heights,66.7268,33978 Burdette Isle,Alabama
63683,Avon,roma.biz,94373,Dortha Expressway,-4.4120,5730 Ima Green,Maine
72450,Buckinghamshire,mabel.biz,15653,Weissnat Park,-84.9139,87272 Leffler Extensions,Vermont
96967-5630,Bedfordshire,rickey.com,43276,Paucek Spurs,-74.5306,9265 Fahey Key,Nevada
75430,Cambridgeshire,werner.com,49087-8315,Sanford Expressway,-86.3413,3704 Bennett Crossroad,Louisiana
25956-6641,Bedfordshire,marquis.info,68466,Hahn Stravenue,23.2717,53317 Dimitri Ways,Mississippi
74856-1940,Berkshire,gladys.info,71374-3903,Donnelly Dale,-14.8948,205 Schmidt Wall,New Mexico
58391,Avon,pinkie.info,14573-9354,Huel Roads,-44.4835,643 Hauck Oval,Massachusetts
20727,Buckinghamshire,brigitte.biz,02055-2775,Cory Pines,-20.4640,060 Luz Gardens,Pennsylvania
52081-3648,Cambridgeshire,sarai.org,15890,Dean Skyway,5.2671,611 Daniella Trail,Vermont
52412-0581,Buckinghamshire,nolan.org,55881-0623,Lemke Loop,15.7654,0188 Jolie Viaduct,Colorado
84660-3971,Borders,bryana.net,47486,Austyn Landing,-16.0995,48708 Erdman Parkways,Virginia
51341,Bedfordshire,mia.biz,94577,Donnelly River,-77.2297,68333 Laisha Skyway,Montana
26690-2203,Avon,vaughn.biz,34622-4725,Anna Light,-2.7454,620 Bode Forges,Wisconsin
62360,Borders,haskell.name,82179,Minerva Fort,-12.9209,540 Richard Prairie,Rhode Island
14428,Berkshire,mariah.com,00708-1207,Antonette Fork,3.8153,3467 Emmett Plaza,New York
03384,Berkshire,donavon.name,48229-0414,Koch Inlet,-22.4912,979 Balistreri Burg,New Hampshire
78174-9616,Berkshire,nikita.name,55660,Murray Rue,27.9759,4922 Harber Passage,Louisiana
29586,Buckinghamshire,aglae.org,07439-7259,Allen Loaf,-5.3090,44614 O'Connell Trail,New York
85762,Borders,zelda.name,60562,Jacobi Trace,78.8526,574 Millie Estates,Missouri
55992-3119,Buckinghamshire,constance.name,17788,Joesph Avenue,3.7530,59110 Demarcus Stream,Nebraska
52487-8239,Borders,zachariah.name,79774-7939,Crist Corner,0.3479,6093 Sanford Points,Utah
35885-6701,Berkshire,maurine.org,21656,Kelsie Ridge,32.4198,451 Crist Rest,Delaware
60475-1601,Berkshire,vilma.name,26857,Chanel Corners,-81.8598,33377 Rowe Fall,Delaware
21363-2722,Borders,miles.net,72148,Kristopher Mountain,-39.9740,1482 Wehner Roads,Ohio
19034,Bedfordshire,kattie.com,19857,Eliseo Mountain,48.2736,612 Huel Knoll,Maine
68613,Berkshire,wilber.info,80040-1593,Macejkovic Field,-2.8569,0084 Reinger Club,Maryland
93435-1333,Avon,emmy.info,34329-1996,Koss Mountain,-55.2648,267 Miller Grove,Alabama
59650,Berkshire,christelle.info,83509-2563,Beier Prairie,-0.0574,67846 Lisette Stream,Nebraska
03503-8006,Bedfordshire,chaim.biz,45506,Ebert Parkway,-84.5168,6077 Morar Extensions,New York
29517-9069,Cambridgeshire,jermey.org,86392,Axel Track,-16.4543,3874 Jacobson Summit,Alabama
07146,Avon,bertram.info,87911-3702,Makayla Ford,-41.9340,4743 Allan Locks,Minnesota
67841,Buckinghamshire,kirsten.biz,70855-0673,Vicky Roads,-1.0951,47448 Tillman Cliffs,Iowa
73974,Bedfordshire,adolph.info,57153-2822,Braulio Viaduct,48.5907,623 Rodriguez Islands,Maryland
25322-1297,Cambridgeshire,olga.biz,16354,Kayli Gardens,31.5957,54944 Harber Roads,Michigan
97778,Bedfordshire,nolan.com,34803,Jake Ridges,-12.0288,72250 Ebba Path,Maryland
62643,Bedfordshire,merl.name,62851-2080,Rhianna Coves,67.6887,4074 Aurore Pines,Arizona
01563,Cambridgeshire,frederique.com,06389,Lee Shore,16.4163,50299 Imogene Camp,Missouri
08152-4690,Buckinghamshire,kailee.info,67730-3663,Arnoldo Neck,-80.4768,9293 Arely Ranch,Arkansas
06001-6710,Bedfordshire,amparo.name,78519,Alexandre Mews,24.7683,8266 Naomie Row,New Hampshire
66728-3264,Buckinghamshire,watson.info,23729-3575,Wilburn Fort,18.9486,8002 Lehner Port,Colorado
54540,Avon,abraham.org,41247,Kianna Summit,0.3459,5373 Bode Meadow,Illinois
35141,Cambridgeshire,demarcus.com,86257-2529,Luella Radial,75.4142,804 Nolan Wells,South Dakota
85733-8155,Cambridgeshire,monty.com,23018-4396,Johnston Ports,54.7700,538 Quinton Course,North Dakota
22621-8735,Borders,carrie.net,85042-4572,Orie Hills,-88.9536,9261 Green Throughway,Vermont
41385-6712,Bedfordshire,albina.com,76003-0833,Wilhelmine Ports,74.6261,21747 Scarlett Well,Colorado
40771-9826,Berkshire,shyanne.biz,73026,Amelia Rue,82.7545,2062 Toy Junction,Florida
06777-6586,Borders,kamille.net,77014,Harris Port,32.6414,1812 Luella Manor,Hawaii
19483,Bedfordshire,merlin.org,63011-1717,Izabella Rue,-61.2998,3897 Mac Glens,Alaska
34391,Cambridgeshire,deja.name,22067,Paucek Stravenue,15.9417,16191 Konopelski View,Ohio
88825,Avon,dariana.biz,89528-9880,Abdul Springs,-10.4053,7392 Howell Stream,Illinois
92823,Avon,avery.name,41662,Lebsack Forge,-62.9579,587 Leatha Springs,New York
61057-9456,Berkshire,judy.net,50156,Turcotte Corners,-69.7956,12821 Muller Highway,North Dakota
86197,Avon,vincent.org,52151,Flavio Roads,62.0123,21353 Pfannerstill Squares,Maine
11435,Borders,rick.name,46449-0635,Schneider Orchard,52.3052,68477 Jerald View,Maine
78264,Cambridgeshire,laury.biz,91203,Aurelie Loaf,-22.3867,8285 Baumbach Manor,Idaho
87072,Avon,waldo.org,69223-8846,King Walk,-82.8193,3627 Misael Turnpike,South Dakota
28752-2344,Berkshire,major.com,06504,Stamm Green,7.7780,9107 Luettgen Burg,South Carolina
58920-0874,Borders,kenna.net,13414-7612,Xzavier Pike,-40.7363,4139 Brekke Locks,Mississippi
13372,Cambridgeshire,nadia.info,39873,Pearlie Extensions,29.6125,140 Homenick Isle,Alabama
65328-9938,Borders,ellsworth.com,43301-8899,O'Connell Glen,-88.6039,4353 Beahan Forks,South Dakota
59325,Avon,bianka.name,70264-2388,Russel Fork,-26.7594,5695 Olaf Lodge,Hawaii
80658,Borders,harrison.info,50925-3019,Gusikowski Junctions,39.9578,1419 Schaden Gateway,South Carolina
67391-3729,Cambridgeshire,alejandrin.org,74985-7773,Christiansen Fall,63.4103,66164 Annalise Manor,Colorado
00878-2520,Cambridgeshire,elmira.org,77902,Vaughn Forest,-22.8450,9829 Darryl Roads,Montana
77861-4341,Cambridgeshire,madelynn.biz,79280,Fadel Extensions,-60.2375,243 Jerde Glen,Pennsylvania
50130,Avon,abelardo.name,78989-9948,Koch Meadows,-61.8463,7394 Beatty Drive,Maryland
17240-8344,Cambridgeshire,eliane.org,75384,Franecki Stream,-13.4013,025 Edyth Motorway,North Carolina
47973-8942,Borders,anika.info,26971-8243,Wiza Cliffs,46.3545,84840 Lorenza Centers,Nebraska
96218,Berkshire,annette.biz,41260-5921,Mueller Springs,4.8220,3172 Megane Union,New Mexico
47161-7606,Avon,kenny.org,23374,Rice Trail,36.6309,86762 Mattie Fork,Alaska
01245,Berkshire,emely.org,97714,Buckridge Grove,-19.4252,28173 Romaguera Manors,Tennessee
19782,Cambridgeshire,lavada.org,65741,Morar Hills,64.5978,67723 Sienna Trail,Delaware
41702,Borders,berta.info,40067,Lisette Mews,-32.9469,15117 Hermann Pines,Wyoming
84112-1753,Borders,fabiola.net,37794-1079,Tania Mission,-82.1068,71982 Zelma Overpass,Georgia
85579-0777,Berkshire,lavinia.com,16380,Rau Rapids,-61.4943,18735 Wyman Path,Washington
48895-0071,Bedfordshire,tamara.net,23299-1563,Nathanial Manor,-69.7888,4441 Mae Pines,Idaho
11994-6474,Buckinghamshire,nash.com,73341,Crooks Orchard,63.5225,22628 Kathryn Flat,Oklahoma
67488-7165,Berkshire,sammie.net,18191-2388,DuBuque Forest,-50.0888,199 Jabari Drives,Vermont
44706-6655,Borders,judge.com,17680-4850,Bruen Islands,56.9203,2951 Walker Roads,Louisiana
20874,Berkshire,nigel.biz,09019-3811,Vincenzo Ville,-22.7708,47205 Mozelle Alley,Utah
35579,Borders,hildegard.net,46660-5747,McLaughlin Via,18.7764,197 Kunde Port,Hawaii
02108,Borders,montana.com,40153-0153,Serena Gateway,9.7790,0301 Kutch Brook,Arizona
89074-0585,Cambridgeshire,louie.info,57882,O'Conner Divide,34.9621,896 Eino Land,Iowa
13286-0951,Berkshire,jacques.info,13126,Harber Inlet,9.3832,4658 Oswald Village,Kansas
92577,Avon,everette.biz,10003,Lexi Inlet,-56.5879,7702 Diana Ways,Nevada
66284-2341,Cambridgeshire,oren.com,32304,Shanon Brooks,74.4118,630 Ward Terrace,Wisconsin
98261-5451,Borders,kaelyn.org,30869-6409,Hackett Ramp,8.4460,18873 Bauch Squares,North Carolina
12854,Cambridgeshire,denis.name,82118,Wuckert Mountain,39.8134,70881 Hilll Fords,Michigan
76391-0179,Cambridgeshire,trever.name,32643,Claude Crescent,-42.8563,77205 Tyler Junctions,Arkansas
07618-2593,Borders,brannon.name,33410,Henderson Viaduct,47.5359,46916 Anastacio Freeway,Nebraska
62908-3056,Avon,herta.org,61227-5962,Reynolds Ports,67.5310,0759 Damian Estates,New Hampshire
24000,Buckinghamshire,ardella.biz,17550,Purdy Ridge,-3.6499,5224 King Spring,California
26889-0045,Avon,reyes.name,40197,Shields Parkways,68.8049,413 Miller Prairie,Wyoming
53614-0692,Buckinghamshire,corrine.net,27628,Ernestina Spur,-54.5908,520 Mann Port,North Carolina
23942-0503,Cambridgeshire,lupe.com,82260-1266,Elsa Vista,-22.9602,5246 Ben Cape,Tennessee
11817-0710,Buckinghamshire,bret.net,53865,Rhett Knolls,31.2390,6678 Satterfield Glens,Michigan
99147-6544,Buckinghamshire,haley.com,24224,Stoltenberg Circles,-71.8673,0669 Bergnaum Track,Vermont
89197-6101,Cambridgeshire,bradford.org,71149-6027,Cronin Cliffs,-45.2396,6818 Jannie Burgs,Kentucky
12713-8712,Berkshire,dallin.org,91897-5056,Drew Fields,-34.8747,330 Greenholt Hill,Mississippi
15456,Cambridgeshire,mathilde.name,32791-8026,Madonna Branch,81.5304,7378 Rath Summit,Nebraska
99403-6775,Buckinghamshire,cleveland.net,77113-5831,Kaya Knoll,57.8564,50045 Leda Corner,Virginia
23602,Berkshire,nicole.biz,31468,Thelma Drive,-27.5697,48731 Schneider Cape,Washington
33368,Avon,verlie.org,39987,Christa Club,4.4818,7704 Twila Highway,Hawaii
77900,Bedfordshire,jarrett.org,25311,Nader Glen,-54.4839,850 Zoila Spur,Connecticut
96843-4860,Buckinghamshire,carlee.biz,63910-1352,Langworth Divide,0.8494,063 Schmitt Land,North Carolina
96795,Borders,nicolas.net,31561,Pansy Meadow,19.7833,124 Tom Orchard,Rhode Island
86974,Berkshire,stacey.net,26482-7094,Kihn Branch,68.0219,6600 William Walk,Florida
44417-1618,Berkshire,kellen.com,91925-1188,Agustina Trail,39.8957,8498 Ana Hills,Nebraska
64584,Berkshire,brandon.name,99693-1480,Leuschke Inlet,46.1878,6914 Arlie Pines,Louisiana
65137-5752,Berkshire,brionna.name,96076,Nikolaus Island,39.5322,64399 Chelsey Ridges,Nevada
37809,Borders,emil.name,31352,Ivy Brook,12.1496,016 Stefan Ports,Arizona
08361,Cambridgeshire,douglas.biz,99701-0533,Hane Tunnel,67.0953,7375 Huels Motorway,Alaska
10915,Avon,dameon.org,61896,Madison Village,-15.4876,616 Johan Underpass,New York
85618-6793,Berkshire,verla.com,78718-1380,Crooks Coves,-8.8506,70019 Cale Well,New York
42167,Cambridgeshire,tierra.org,83069,Raphaelle Throughway,-75.2201,82520 Mueller Locks,Delaware
19163,Borders,lilliana.org,43627-1733,Brady Corners,-78.5849,540 Conn Island,Nevada
74786,Avon,johan.net,01237-2987,Pearlie Extension,-61.3758,695 Quinn Parkway,West Virginia
47203,Avon,virginia.name,14094-7694,Haven Curve,0.5884,766 Marcelle Mountains,Washington
86682,Berkshire,mossie.info,40404,Hagenes Throughway,5.8613,228 Lorna Prairie,Connecticut
59376-6167,Berkshire,alvah.net,59848-8276,Langosh Crest,10.0061,29669 Rocky Mountains,New Jersey
10804-1342,Borders,kory.info,14296-7323,Karl Burgs,11.3547,035 Hills Avenue,California
53273,Cambridgeshire,silas.org,32502,Nasir Circle,-7.6787,7561 Howe Wall,California
51075-5475,Bedfordshire,sienna.net,65538,Wendy Place,-63.4701,66086 Chasity Fords,Delaware
73854,Berkshire,roscoe.net,51549-9136,Cruickshank Tunnel,-11.3328,0090 Angelica Island,New York
49876-1720,Berkshire,shanelle.org,28738,O'Connell Rapids,31.6758,69385 Hyatt Causeway,California
90496,Borders,leda.name,48027,Hagenes Overpass,65.8654,9617 Corwin Flats,Arkansas
73796-0806,Bedfordshire,bill.info,61731-9045,Huels Mews,-10.0264,64181 Sawayn Orchard,North Dakota
94048-3728,Avon,skylar.org,11789,Delpha Alley,6.1463,351 Cartwright Tunnel,Maine
19182-5965,Avon,macey.name,76223,Rosenbaum Port,7.8895,7379 Hilbert Station,West Virginia
42157,Avon,christop.com,46230-3165,O'Reilly Court,-80.8239,39950 Adah Summit,Oregon
44541-3481,Avon,kianna.biz,76000,Boehm Stravenue,44.1010,230 Keegan Pass,Louisiana
90761,Berkshire,giovanny.net,24608-7874,Baumbach Locks,-30.2057,727 Charlotte Village,Oregon
16378,Borders,viola.com,74321-3966,Janessa Turnpike,-45.6005,66980 Kirlin Isle,Iowa
37075-6711,Buckinghamshire,annetta.org,52783-4629,Gleason Hollow,8.8555,238 Janelle Stravenue,Massachusetts
00859-5872,Buckinghamshire,halle.name,25037-9052,Gulgowski Mews,21.2403,601 Benton Prairie,Hawaii
56982,Cambridgeshire,elisha.info,86995-8817,Cordell Valleys,66.6599,5532 DuBuque Ville,North Dakota
35927,Borders,montana.com,60612-3645,Ryan Field,77.3297,80861 Klein Pass,Iowa
00824-0070,Avon,daphne.biz,54916-8260,Prosacco Vista,-26.3151,7812 Cesar Parks,West Virginia
88895,Borders,ariel.org,49733,Daniella Court,20.2024,262 Mariela Mission,Kentucky
54117-8686,Berkshire,dasia.org,99957-9228,Emerson Flat,-87.0834,2650 Roslyn Squares,Georgia
30139-5779,Bedfordshire,zelda.net,21556,Evelyn Via,34.6271,0553 Sanford Summit,Wyoming
51940-7961,Buckinghamshire,angeline.biz,13648,Charlene Springs,-56.6401,7476 Domenic Walks,Minnesota
67970-0087,Avon,rosalyn.biz,73231-7195,Leopoldo Prairie,86.0152,223 Sauer River,Virginia
88060-5148,Borders,jeanie.com,00671,Paul Streets,-64.4446,98484 Thad Roads,New Hampshire
29039,Cambridgeshire,deven.biz,38791,Gabriel Path,31.9063,7178 Joshua Wall,Nebraska
00752,Bedfordshire,jake.info,54254,Purdy Row,-89.6951,107 Blanda Motorway,Montana
80546,Avon,alta.com,70996,Schroeder Mission,88.0359,724 Bogisich Summit,Iowa
55026,Bedfordshire,laurie.net,38538-8816,Palma Meadows,28.1147,52336 Homenick Stream,Kansas
98945,Bedfordshire,leda.net,13342-5388,Abshire Garden,3.0942,1277 D'Amore Islands,Virginia
57962,Bedfordshire,domenic.net,57898-7743,Lindgren Shore,-87.0361,225 Zulauf Via,Vermont
69246-3298,Bedfordshire,justyn.info,85471-7646,Loma Estate,75.4924,6514 Bartell Center,Rhode Island
10730,Cambridgeshire,jane.biz,70967,Paula Key,-57.8058,46885 Romaguera Mall,Illinois
49526-6615,Avon,seth.net,20461-1333,Sporer Flats,-67.8794,20073 Thiel Ferry,South Carolina
27990-1413,Bedfordshire,frederique.net,27694-9167,Balistreri Extensions,-17.1273,71351 Bergstrom Island,New Mexico
72379,Avon,clair.net,47424,Vella Drives,-81.2159,002 Murphy Villages,South Carolina
70565-9803,Borders,willow.name,00553-8588,Walker Valley,-58.4846,067 Monahan Mall,South Carolina
21258-5509,Borders,krystina.name,87741-8062,Olson Dam,72.5641,831 Berry Estates,Hawaii
38547,Buckinghamshire,lois.net,69101,Satterfield Port,62.3219,585 Bradtke Forest,Georgia
66998,Bedfordshire,kaleb.name,61918-9589,Brain Pine,-59.6653,933 Yoshiko Village,Pennsylvania
00072-7488,Avon,hipolito.org,25193,Troy Ranch,12.4287,851 Bartell Plaza,South Dakota
36053-7849,Berkshire,antonietta.org,55055,Terry Oval,-34.5442,4218 Gutkowski Land,Alabama
45856,Borders,manuela.name,26902-5137,Nikolaus Mount,69.5706,289 Wintheiser Hills,New Mexico
99999-9398,Borders,nicklaus.info,27590,Mayer Drive,-77.7452,09100 Kutch Mission,New Hampshire
50018-6655,Borders,selena.org,34361,Cummings Drive,-50.4542,3667 Wyman Pine,Texas
26990,Borders,cullen.name,08361,Gulgowski Lodge,41.8795,707 Muhammad Mall,South Dakota
84903,Borders,adell.biz,82929,Dorothy Trace,55.4565,705 Quinten River,Alaska
26575,Cambridgeshire,jesus.com,23386-0305,Mitchel Ville,-52.8469,35581 Ceasar Mountains,Louisiana
85591,Berkshire,kristoffer.net,39919,Hickle Pike,82.4414,69960 Carole Cliff,Georgia
18219,Borders,guadalupe.org,73617-3174,Wilkinson Squares,24.7463,435 Amir Burg,Tennessee
25181,Cambridgeshire,kelley.net,41251-4150,Lavon Parkway,43.1719,540 Veum Square,Wyoming
47312,Borders,blaze.net,55563,Lockman Squares,25.6777,9569 Hirthe Extensions,Mississippi
10115-2338,Borders,chloe.org,31573-8773,Emerald Ramp,85.5251,9912 Kautzer Island,South Carolina
01601,Buckinghamshire,lenora.name,72321,Gerlach Crest,-75.2739,2499 Brayan Curve,Michigan
01114-3682,Borders,della.com,54259,Pouros Lodge,-80.5548,8112 Veronica Viaduct,Wyoming
33222,Cambridgeshire,braden.biz,94580,Stokes Prairie,-11.9378,5479 Madyson Isle,Rhode Island
98382,Berkshire,kaci.com,78536,Sydney Ford,69.8627,13295 Mraz Knolls,New Hampshire
73849-4131,Avon,edmund.name,41575,Trace Knoll,-80.7201,50606 Jadyn Ranch,New Mexico
02776,Borders,cassandra.org,67764-1197,Joyce Turnpike,61.0253,1272 Stacey Key,Ohio
47001-4562,Buckinghamshire,rolando.info,92998,Moen Lodge,-75.5488,688 Andres Oval,Massachusetts
41002,Berkshire,hanna.biz,41211,Marquardt Crescent,60.5195,0961 Lind Ports,Michigan
35423-7761,Buckinghamshire,chad.net,37066,Kub Freeway,58.2071,30531 Nicholaus Via,California
93810,Berkshire,lenny.org,09840-4243,Sherman Groves,-39.1008,85347 Berge Freeway,Illinois
50694-2960,Berkshire,gia.net,38884,Sidney Squares,29.9779,502 Waters Burgs,New Jersey
55092,Buckinghamshire,stevie.org,86080,Willms Lodge,-85.9798,5961 Davonte Walk,Pennsylvania
47112-1334,Avon,jace.com,78783-8699,Jonathan Mount,29.4331,65147 Johnston Gardens,Hawaii
93532,Berkshire,bell.name,36509,Anabel Fork,79.7287,2627 Oda Track,Idaho
85524-8518,Cambridgeshire,madelynn.biz,66928,Eveline Rue,-60.6064,745 Kuhn Isle,New York
70197,Cambridgeshire,chasity.com,50941-9539,Mayert Coves,37.2574,6939 Mozelle Stream,Oklahoma
41814-4263,Bedfordshire,toy.name,74790,Goyette Mount,56.0519,679 Ernser Ports,West Virginia
98216-8117,Berkshire,electa.biz,54045-8163,O'Keefe Expressway,-18.6196,770 Bartoletti Trafficway,Delaware
68307,Bedfordshire,tyra.org,96058,Kuhic Cliff,-21.0269,122 Wiza Turnpike,Tennessee
63990,Buckinghamshire,jonas.name,39635,Rowe Turnpike,-89.9878,571 Lisa Crest,Michigan
88570-6941,Borders,nathaniel.net,01757-1554,Brenna Key,5.7100,7888 Sylvan Coves,Arkansas
10131,Buckinghamshire,frederic.org,86643-6784,Halvorson Place,13.9024,819 Armani Fords,South Carolina
23969,Bedfordshire,sarai.net,24276,Leffler Lakes,65.5408,4024 Kautzer Knoll,Washington
99193-8993,Cambridgeshire,karl.com,42494,Balistreri Orchard,18.8932,49441 Dean Oval,Oklahoma
92899,Buckinghamshire,faye.org,73610,Blanca Place,-41.4320,562 O'Reilly Dale,Connecticut
31386-9118,Berkshire,ardith.org,03671-4924,Crystel Meadow,-56.2190,49605 Bayer Views,Oklahoma
94187-9952,Bedfordshire,nicholas.org,80069,Alexzander Field,-10.6776,1399 Dereck Curve,Iowa
18649,Avon,shaylee.biz,13766-9740,Tate Run,9.7439,84551 Brett River,North Dakota
42667-1855,Bedfordshire,kaci.biz,39639-8635,Esta Forest,-81.3006,8196 Willms Harbor,New York
75597-3853,Avon,vito.net,90509,Marvin Green,34.9872,792 Danyka Rapids,Colorado
14475-4433,Berkshire,asa.name,54254-6097,Orrin Mountains,-68.8662,267 Emmanuel Circles,Wisconsin
94058-8556,Berkshire,shanelle.name,12152,Jensen Groves,-54.8817,299 Madeline Roads,Alabama
29505,Borders,alessia.com,38696-1571,Rath Mountain,-29.5811,820 Earl Crest,Idaho
83256-4072,Cambridgeshire,connie.com,57267,Lawrence Road,63.2461,4475 Marianne Landing,Maine
58839-2085,Bedfordshire,missouri.name,48966-7325,Flavie Fields,-2.5701,8190 Cremin Estates,Pennsylvania
42879-7213,Bedfordshire,alba.biz,63538,Halvorson Plaza,45.9060,391 Deanna Land,Arkansas
89139,Berkshire,abbigail.com,34908,Cindy Summit,-10.4056,492 Melvin Mount,Alaska
27939-8544,Bedfordshire,brielle.net,38632-4657,Claudie Stravenue,-7.4415,24179 Camryn Cliffs,West Virginia
13351-4301,Avon,jaycee.name,90165,Kiley Throughway,55.2378,277 Helmer Squares,New York
20985-3953,Avon,kirstin.info,29434-0539,Else Route,27.8355,99771 Janet Plains,Wisconsin
61010,Bedfordshire,abe.name,33046,Quitzon Stravenue,22.0686,41517 Marcelina Rue,Mississippi
42886,Buckinghamshire,heloise.name,04071,Adams Lock,16.6507,049 Rempel Square,Missouri
50079-6239,Bedfordshire,carlie.net,94673,Cleveland Spring,71.0561,7460 Rippin Highway,Rhode Island
36942,Bedfordshire,kathlyn.org,88673-9679,McDermott Path,36.8513,224 Christop Summit,Florida
88176-9255,Avon,joanne.name,35510-9309,Padberg Stravenue,-54.9295,04559 Raina Cove,Rhode Island
87681,Cambridgeshire,brannon.info,94906-5488,Simonis Circle,-70.4289,104 Petra Keys,New Hampshire
49441-9010,Borders,benny.com,49772-1384,Merl Points,61.9160,2352 Rau Forest,Arkansas
81306,Bedfordshire,lamont.biz,70829-0295,Glenda Curve,47.6440,9017 Freeda Gateway,Illinois
70142,Avon,eladio.com,50110-1765,Rupert Valleys,72.5722,4866 Schuppe Overpass,Hawaii
85288-6666,Berkshire,orland.org,93932,Lisette Centers,85.8293,612 Stoltenberg Island,Washington
92491-8970,Borders,emerald.com,50699-3873,Taryn River,-77.8386,7897 Murazik Trafficway,Oregon
12996-0920,Avon,serena.info,48550-8075,Murray Cape,40.2942,79075 Camren Inlet,New Hampshire
69625-8957,Berkshire,keon.name,59833,Murphy Springs,-29.2505,435 Brad Roads,Florida
07634-6133,Cambridgeshire,lyric.biz,76598,Becker Stream,80.5072,56940 Ariel Squares,North Dakota
36858-1105,Buckinghamshire,estelle.info,12404,Effertz Green,25.6171,9007 Lakin Locks,Delaware
98219-5489,Bedfordshire,maeve.info,64922,Bins Street,53.1526,9020 Hank Forge,Missouri
87051-7139,Berkshire,caesar.net,56390-4664,Ryan Mews,-60.9689,975 Ullrich Freeway,Alaska
24166,Bedfordshire,rossie.com,43674-6703,Waelchi Pass,-39.5359,980 Parker Road,Missouri
10150-7032,Buckinghamshire,neil.net,58347-3509,Dalton Fork,42.1003,48021 Alanna Manor,Illinois
91379-9865,Borders,wyatt.com,36420-6766,Heber Brooks,-39.3140,99765 Monserrat Road,Texas
61898-1686,Borders,valentin.net,03034-2741,McDermott Station,-44.4244,647 Braun Haven,New Mexico
58690,Berkshire,brody.biz,14530-4992,Regan Turnpike,19.3418,45450 Walker Ferry,New Jersey
87036,Bedfordshire,coty.info,25122-4321,Flatley Port,-26.9738,57852 Darren Ridges,Virginia
90831-8146,Bedfordshire,loren.org,13359,Morris Union,-25.8275,643 Vella Circles,Colorado
52901,Buckinghamshire,nadia.name,74073,Watsica Fall,18.4513,3783 Evelyn Inlet,Georgia
52566-0329,Cambridgeshire,ivy.info,14326,Rodolfo Course,69.7989,162 Yundt Alley,Colorado
66740-8148,Berkshire,nora.biz,96712,Kenny Ville,12.4414,647 Skiles Forest,North Carolina
25351-4021,Borders,major.name,83044,Kozey Lights,20.4848,59562 Reanna Causeway,New York
98930-3067,Cambridgeshire,sabina.net,15286-0357,Jacobi Summit,8.0116,263 Gunnar Wells,Idaho
56396,Bedfordshire,lorenza.biz,26010-0577,Marcella Bypass,23.7104,32279 Dickinson Rue,Vermont
74030-3912,Avon,muriel.info,59579-2952,Daniel Fort,-80.1595,25470 Carmella Streets,Delaware
21475,Avon,payton.name,37823,Adams Vista,38.9430,71235 Franecki Keys,Washington
89220,Borders,myrtle.com,60046,Charlotte Rue,4.6994,641 Barton Pass,Alabama
92062,Avon,loyce.com,36433-5516,Haag Route,-10.3934,051 Michael Expressway,Pennsylvania
48579,Cambridgeshire,julia.name,48029-6267,Dayne Walks,35.7717,632 Solon Brooks,North Dakota
45340-7766,Borders,celestino.com,29634,Kasandra Court,-17.4352,834 O'Keefe Ports,Wisconsin
09465-9393,Avon,demarcus.info,53579,Hahn Garden,56.7575,66546 Kali Parks,South Dakota
84156,Berkshire,jarret.net,61485,Hodkiewicz Way,-34.1064,0777 Jon Fields,New Mexico
13200-2639,Cambridgeshire,anne.name,06009,Toy Pines,-82.1296,5238 Sabryna Street,Hawaii
87051,Borders,kaci.com,19527,Pfannerstill Dale,-89.3322,883 Callie Corner,Kansas
87479-5807,Berkshire,claudine.info,43726,Lucinda Motorway,50.0144,07928 Cronin Road,Maryland
17686-0928,Cambridgeshire,jamel.biz,91159-7334,Parisian Ranch,22.8313,831 Sawayn Ford,Kentucky
67849,Cambridgeshire,zena.info,68978-5494,Grimes Harbor,-33.9121,64532 Nolan Isle,New Mexico
35003,Buckinghamshire,sylvia.biz,95069-6391,Kassulke Harbor,79.8251,88083 Pacocha Flats,Arkansas
81688,Bedfordshire,hermann.info,08440,Claire Valleys,-15.5757,851 Keeling Run,Georgia
82663,Berkshire,rene.biz,52777-5929,Brendan Place,-58.6670,7427 Lauretta Field,Virginia
19026,Borders,kian.net,15244,Mayer Villages,-2.1694,1881 Wilton Flats,Washington
43453,Buckinghamshire,willow.name,96845-9033,Bartholome Shoals,63.5148,855 Amelie Causeway,Nebraska
46710,Berkshire,luisa.org,81216-3409,Blair Ridges,-67.8574,2064 Dee Circle,Wyoming
60169,Berkshire,jonathan.name,69346-0466,Roberts Centers,85.9443,7308 Ryan Brook,Rhode Island
33696,Cambridgeshire,adalberto.biz,18197-8057,Violet Divide,-80.5286,3498 Altenwerth Brook,New Mexico
15262,Avon,wilmer.biz,51947-1584,Corwin Common,34.4987,56861 Ondricka Village,Missouri
90148,Avon,shaniya.biz,37395,Cristobal Views,-43.8935,7514 Elyse Light,West Virginia
12359-2776,Berkshire,jennifer.info,26460-3684,Ruben Run,-64.8491,14694 Ona Square,North Dakota
90447,Buckinghamshire,cole.org,36247,Romaguera Coves,81.8006,158 Brakus Track,Connecticut
14581,Borders,clark.info,72835,Estefania Well,44.3961,87533 Hilll Expressway,Hawaii
03660,Bedfordshire,rosanna.name,14261,Emmanuel Circle,-40.0716,49457 Flossie Forges,Indiana
34588,Buckinghamshire,lessie.name,67715-5106,Horace Camp,-10.2789,446 Mozelle Highway,Massachusetts
37439,Borders,reid.com,52173-9359,Jarrell Loaf,-21.0911,5694 Mayert Knoll,Arizona
41544,Berkshire,kari.name,98944,Lyric Via,41.7140,9493 Maggio Road,Rhode Island
76381,Bedfordshire,abigail.biz,86240-2552,Smitham Junction,-22.7986,059 Marquise Parkway,Oregon
96834,Buckinghamshire,delia.info,70305-3907,Hadley Corner,10.8919,2633 Sunny Manors,Missouri
25593,Buckinghamshire,earnestine.org,78260-5042,Dean Terrace,76.9560,0172 Sofia Trail,Missouri
88601,Buckinghamshire,velva.org,01383-9150,Anabel Junction,16.7058,2135 Aylin Stravenue,New York
32941-3779,Avon,maurice.com,59512,Maureen Plains,13.3187,137 Reynolds Estates,Maine
50864,Avon,bertram.info,56098,Cyril Points,52.1274,01323 Schumm Light,New Jersey
09153-7275,Buckinghamshire,esta.net,66958,Stanton Islands,-0.2282,54009 Wuckert Dam,Oregon
35455,Avon,genevieve.com,74894,Williamson Bridge,68.8961,70722 Windler Common,Wyoming
10042,Buckinghamshire,armando.org,20330,Maximilian Course,-32.2970,395 Hodkiewicz Run,Arizona
59375,Bedfordshire,katelin.org,82247,Sanford Points,49.0141,30251 Kassulke Keys,North Dakota
03599,Bedfordshire,joelle.net,10225,Maria Estate,36.6218,7895 Beth Flats,New Hampshire
50384-8137,Buckinghamshire,watson.biz,36076-1207,Glenna Isle,44.1990,8752 Joana Parkways,New Hampshire
02747-4414,Avon,urban.biz,10560-3411,Sasha Streets,-73.5943,83499 Mann Rest,Rhode Island
52109,Buckinghamshire,albertha.biz,99899-4364,Allan Square,66.5433,84837 Hermann Plain,Delaware
98685,Bedfordshire,daphnee.name,98339,Camren Ridge,51.7628,218 Ciara Expressway,West Virginia
20501,Cambridgeshire,betsy.com,90180,Yolanda Park,-79.4092,04485 Dario Groves,Pennsylvania
39656,Avon,isai.org,55414-1087,Quitzon Crescent,-74.2587,0180 Loren Brooks,South Carolina
36095-5438,Avon,myrl.com,92362-1317,Wiley Pike,64.4399,815 Gulgowski Village,Kentucky
56108-8943,Bedfordshire,ernest.com,06272,Danny Inlet,-83.5196,227 Deshaun Bypass,Arkansas
09704-7125,Bedfordshire,breanna.net,02021-1049,Carroll Plaza,-19.4612,45864 McCullough Freeway,Oklahoma
96102,Cambridgeshire,velda.com,76126-5097,Prohaska Crossroad,-9.9244,94982 Cathrine Ways,South Dakota
88495-1475,Borders,walker.net,48954-6598,Botsford Point,0.5540,1716 Eli Keys,Colorado
13940-0152,Cambridgeshire,dax.net,22795-4307,Niko Forge,-21.0533,564 Stokes Route,Vermont
36362-7720,Buckinghamshire,summer.info,58895,Schneider Wall,48.6622,16993 Mills Unions,Kansas
24780,Borders,lina.com,54927,Lemke Cape,3.0619,50179 Princess Courts,Montana
70137-8226,Buckinghamshire,marlon.biz,78991,Olson Rue,42.1077,272 Green Crossroad,Illinois
25828,Bedfordshire,laverna.biz,51957,Jimmie Valleys,53.8635,4295 Boyer Park,Michigan
56905-9310,Berkshire,clifton.info,69911,Herman Hills,36.4958,83939 Paxton Bridge,Arkansas
36560,Buckinghamshire,luna.com,94935-1810,Chaz Inlet,6.7283,788 Bahringer Hill,Mississippi
97367-6020,Berkshire,emie.biz,47051,Hane Course,-19.3529,2198 Okuneva Plains,New York
18952-9339,Avon,fannie.info,45121-9029,Kuvalis Grove,49.4297,806 Celia Springs,Nevada
90183-3079,Cambridgeshire,branson.net,68906,Swaniawski Coves,56.1848,29616 Breanna Ports,North Dakota
58750,Berkshire,skye.name,71112-9626,Reynolds Lakes,-40.7696,67832 Bartell Ville,Pennsylvania
16215-8662,Cambridgeshire,gabrielle.info,49737,Declan Knolls,68.8900,34867 Clay Views,Arkansas
87061,Bedfordshire,vanessa.info,24670-6155,Nicholaus Meadow,55.9319,4744 Mathew Hollow,Alabama
57221,Borders,danyka.biz,58039-3010,Dora Park,29.2307,1298 Retha Plains,Maine
92123,Bedfordshire,jefferey.net,39574-7473,Feeney Knolls,-0.9583,62823 Margret Ford,South Carolina
04295-1634,Cambridgeshire,gaetano.org,08275-0533,Dorian Parkway,-29.2150,8047 Wiegand Terrace,New Hampshire
01122,Avon,edmond.info,06795-9381,Ward Shore,-82.1103,277 Rice Expressway,South Carolina
81459,Bedfordshire,gunnar.biz,07203-1107,Koelpin Curve,74.5948,78394 Cayla Streets,Minnesota
13659,Avon,verlie.name,78147-5975,Gutkowski Ville,-67.7220,677 Meagan Ports,Wyoming
20637-3141,Bedfordshire,hank.name,00734,Haleigh Camp,-77.1053,774 Waelchi Trail,Maryland
79728,Berkshire,clotilde.net,59878-9799,Jaiden Rest,62.5631,67465 Hand Rue,Georgia
69037-6236,Avon,cierra.org,72658,Spencer Bypass,-63.3651,9165 Elza Point,Arkansas
05903-9354,Buckinghamshire,toy.net,55568,Friesen Village,-84.2682,07967 Jeffrey Gateway,California
22008,Avon,lacey.biz,65306,Ashlee Neck,-38.8819,60600 Hudson Islands,Tennessee
40315,Berkshire,wilfrid.name,72146-9854,Reynolds Curve,41.0213,23364 Celia Fields,Tennessee
62076-8745,Borders,sheldon.com,94168,Pouros Flat,83.6498,33274 Jefferey Port,Ohio
47211-1743,Avon,winifred.biz,29863-1005,Runolfsdottir Drive,34.0623,226 Legros Hollow,Michigan
44448-9013,Cambridgeshire,shanon.net,17272,Dibbert Stravenue,-43.6149,01363 Pfeffer Plaza,Rhode Island
62020-2824,Buckinghamshire,maud.net,91351-9267,Daniela Prairie,-39.8991,86641 Timmy Brooks,Montana
97204,Avon,dayna.info,60416,Ismael Brook,71.0027,40711 Edgar Run,Vermont
85222,Buckinghamshire,ettie.biz,14489,Ziemann Pines,-25.2271,7041 Garret Isle,Massachusetts
95999,Berkshire,rene.org,38050,Nathan Harbors,-54.6047,27739 Wunsch Track,Nebraska
12204-2642,Borders,princess.info,44275,Melisa Junctions,-76.0606,79945 Keeling Shores,California
19607,Cambridgeshire,deshawn.net,76469,Moore Pine,-84.7066,951 Cronin Fords,Oklahoma
35239,Cambridgeshire,larry.com,52028,Abshire Manor,49.9682,092 Schumm Walks,Oklahoma
36984-4950,Berkshire,clotilde.name,00835-8129,Krystal Hills,-75.8842,188 Hyatt Canyon,Michigan
54153-8649,Borders,emil.org,40607,Jackson Courts,18.4270,0929 Beahan Turnpike,Tennessee
70561-4571,Buckinghamshire,candelario.net,62354-0139,Zaria Course,75.8015,1888 Kunde Row,California
74189-3782,Cambridgeshire,margot.com,61987-7608,Pollich Passage,33.7302,654 Schmeler Grove,Wyoming
07900,Avon,melisa.biz,63065-0258,Olin Divide,47.3206,886 Johns Glen,Idaho
64948-4968,Bedfordshire,arjun.net,46573-4732,Akeem Station,59.9529,26087 Stehr Underpass,Montana
27128,Avon,wade.biz,25873,Hauck Pine,-22.3791,21072 Stiedemann Way,Massachusetts
84618-0605,Berkshire,verda.com,09021-9631,Metz Forest,89.1838,54510 Hegmann Vista,Missouri
13201,Avon,coty.org,14753-2420,Lazaro Passage,41.9104,53634 Windler Forest,Massachusetts
26495-3311,Avon,stefan.name,49797,Schmitt Plaza,62.8066,9328 Katrine Ports,Utah
88768-1853,Buckinghamshire,savanna.name,80799,Gleichner Rest,88.6673,1526 Vandervort Ports,Wisconsin
74299,Avon,tracey.net,37059,Swaniawski Place,-55.9765,267 Dolores Mill,Wyoming
72443-9111,Borders,tad.biz,99096-3215,Toy Turnpike,-43.2611,098 Quitzon Turnpike,Kentucky
48120,Berkshire,kayley.org,29667,Bartell Parks,-82.9007,274 Christy Ranch,Wyoming
91946,Borders,angelo.biz,61838,Koch Causeway,-74.0279,83208 Destinee Prairie,Illinois
13278-3183,Cambridgeshire,kenna.net,19576-4125,Schneider Path,-32.2322,061 MacGyver Cape,South Dakota
01095-4255,Bedfordshire,chesley.com,81420,Cassin Well,82.4879,671 Kemmer Ports,Florida
18295,Avon,chance.org,21055,Autumn Knoll,1.5644,670 Weimann Ports,South Dakota
77075,Borders,brendon.org,13727,Goyette Ranch,-18.9253,12759 Bridget Crossroad,New Hampshire
94856,Berkshire,braxton.info,83096,Steve Throughway,-6.5607,7927 Priscilla Ways,Maryland
50720,Cambridgeshire,ora.com,49086-8316,Breitenberg Crescent,-64.6190,453 Senger Roads,Texas
33677-8883,Borders,camilla.com,73307,Auer Divide,61.7901,06143 Rosalee Valleys,North Dakota
75892-8949,Borders,lyric.net,90218,Altenwerth Isle,47.1664,5959 Cummings Pine,Michigan
26345,Buckinghamshire,macy.org,01039,Dewitt Courts,-52.2316,826 Halvorson Plains,Montana
54999-6778,Avon,hank.com,83081,Kuhic Fall,32.0943,206 Virginia Causeway,California
82415-5289,Buckinghamshire,brock.net,71022-7567,Sincere Neck,73.4790,98109 Cole Knoll,Louisiana
38453,Bedfordshire,ron.info,56813,Kunde Pass,29.8875,0888 Erika Rapid,Arkansas
28895,Berkshire,stanford.net,28129-1499,Wintheiser Ville,-88.7873,39252 Baby Squares,Maine
40963,Cambridgeshire,amber.biz,67800-7574,Spinka Crossroad,72.1342,713 Matilda Spring,Arizona
76569-2697,Borders,christ.org,33265,Kris Ports,-81.7340,188 Gorczany Parks,Texas
00963,Avon,neha.name,28349-2552,Kassulke Streets,61.5809,039 Dwight Port,Alabama
22161-5606,Buckinghamshire,mekhi.biz,71640,Mueller Drive,-67.8630,7429 Runolfsson Court,Connecticut
40333-4670,Cambridgeshire,justen.info,03331,Barton Falls,-36.1928,8705 Morar Port,Mississippi
37957-8138,Buckinghamshire,kara.org,54590,Lilian Loaf,-21.5227,1451 Kovacek Neck,Illinois
94441,Berkshire,geovanni.net,63523-0345,Royce Lane,8.6995,97051 Ratke Harbor,Utah
56829-8452,Bedfordshire,abe.info,34107-3637,Hintz Burg,-72.8925,280 Maudie Fork,North Dakota
27134-2827,Borders,kris.biz,30892,O'Conner Mews,57.4106,249 Florian Ridge,Virginia
19085-6077,Bedfordshire,ludie.net,26084,Isaias Turnpike,-43.9812,90905 VonRueden Trail,Indiana
83364-8875,Cambridgeshire,rosanna.com,77469,Douglas Walks,-73.9331,618 Meghan Landing,Iowa
26293-8252,Buckinghamshire,daisha.info,49183,Jermain Fields,-65.0554,524 Rubie Dam,West Virginia
34907-2041,Borders,camylle.com,06186,Antoinette Pines,25.1177,4866 Kathlyn Oval,Maryland
22888-1594,Buckinghamshire,maverick.biz,86833,Leuschke Road,3.8368,764 Quitzon Tunnel,Arizona
76825-0507,Cambridgeshire,beaulah.name,04262-8889,Russ Park,-52.7133,305 Suzanne Valley,Georgia
62034,Buckinghamshire,litzy.info,85125,Baumbach Throughway,60.7870,687 Conn Roads,New York
20243-8243,Cambridgeshire,donavon.biz,50249-8653,Hertha Spurs,75.0568,1949 Kunze Mountain,Alabama
19161-8115,Bedfordshire,leonel.info,06950-3735,Brandyn Isle,-70.1597,55262 Cyrus Lake,Iowa
32696,Bedfordshire,percy.net,74828,Johns Underpass,-67.7884,0553 Neha Haven,Utah
11418-2471,Berkshire,lamont.name,88943,Rau Mills,-0.4161,530 Lebsack Heights,Utah
26105,Bedfordshire,kellen.name,77731,Clementina Garden,81.0229,530 Clovis Crescent,Indiana
06454-4493,Buckinghamshire,eddie.net,85902,Dashawn Village,-0.2633,644 Jaime Turnpike,South Carolina
67185,Cambridgeshire,glen.org,52689,Schiller Cove,55.8536,3376 Nyasia Drives,Wyoming
74222-8361,Buckinghamshire,isabell.biz,05710-0272,Skiles Estate,-26.9843,966 Will Common,Michigan
46962-6105,Bedfordshire,angelo.net,77696,Braden Valleys,0.9720,89660 Predovic Place,Hawaii
42747-2502,Berkshire,dayana.com,85574,Botsford Underpass,-15.2144,925 Russel Valleys,Colorado
23299,Borders,gregg.name,07350-1571,Clifford Locks,-3.8342,061 Libby Unions,Michigan
76603-5271,Cambridgeshire,crystal.biz,37547-6520,Lehner Meadows,60.1501,2761 Stephany Turnpike,Hawaii
06380,Buckinghamshire,meda.org,08726-9706,Abernathy Field,-6.2095,5637 Beatty Harbor,South Carolina
62314,Berkshire,candelario.net,51195-3740,Hahn Forge,-8.2056,872 Louvenia Court,North Dakota
91564-7453,Borders,barbara.info,43853-7721,Sylvia Ranch,-42.0225,316 Horace Mount,Georgia
67009-8164,Borders,flo.org,93311-8113,Mikel Union,75.8946,20884 McCullough Field,Ohio
14449-1281,Cambridgeshire,davonte.biz,54877,Ferry Turnpike,-60.9221,157 Estrella Terrace,Texas
43281,Borders,carleton.biz,50218-3731,Edwin Well,8.5090,8519 VonRueden Ramp,Rhode Island
67226,Buckinghamshire,viviane.info,56143,Lila Manors,23.6984,329 Rempel Meadows,Delaware
41850-5877,Avon,frederick.name,12930-8372,Pollich Shores,-35.6438,904 Sabrina Flat,Maine
63776-3483,Buckinghamshire,nayeli.com,51753-3206,Lynch Points,0.9817,468 Jerod Forges,Iowa
65339-6789,Borders,aryanna.org,01699,Feeney Brooks,48.8614,649 Virgil Groves,Vermont
51298-5102,Avon,jany.info,62761,Jamir Track,-30.5482,9982 Laury Junction,Ohio
48076,Berkshire,giovanni.net,36114,Devonte Forest,-89.5744,7651 Jeffry Gateway,Florida
98018-7791,Berkshire,matilda.net,02992-7922,Milford Valleys,-42.3299,5003 Ida Trail,Hawaii
28216-7471,Borders,kristy.org,37375,Ondricka Lane,87.0064,10271 Flo Plaza,Montana
73135,Avon,lucius.name,75383-4921,Donato Dale,-62.3050,37914 Spencer Hill,Connecticut
16996-3725,Avon,gage.biz,34723-9933,Roberts Stravenue,82.0906,6500 Annette Mill,Michigan
09049-6421,Bedfordshire,gussie.info,48857,Brekke Branch,-44.5030,5801 Wuckert Roads,Idaho
06245,Avon,bernhard.name,26567,Schultz Mall,-50.2516,44190 Shanahan Land,Oklahoma
88965-9197,Borders,kenny.net,20894-7111,Ava Mountain,4.6305,2579 Emily Station,New York
64220-8493,Avon,thalia.net,02493-7598,Joey Creek,53.0596,7920 Hansen Lake,West Virginia
22198,Buckinghamshire,armand.name,24693-7657,Schmidt Roads,-70.2235,5251 Boehm Viaduct,South Carolina
37908,Buckinghamshire,lizzie.com,72320-3623,Emiliano Crescent,69.9064,830 Dibbert Islands,New York
13876,Borders,mikayla.net,65023-1188,Koepp Orchard,16.2003,064 Aidan Crest,Arizona
67691,Borders,nils.biz,17415,Logan Common,33.9730,479 Gaylord Well,West Virginia
68383,Buckinghamshire,leone.biz,35705-5795,Christian Drives,-14.7809,813 O'Keefe Summit,West Virginia
20156-4374,Avon,cara.biz,62450-8768,Heidenreich Corners,3.9193,695 Marlee Run,Missouri
16634,Borders,haven.biz,59174-8438,Schamberger Station,-68.8528,1647 Omer Via,Kansas
26215-3875,Cambridgeshire,carli.name,79523,Brennan Spur,14.5514,21471 Stamm Estates,Illinois
08898-6600,Buckinghamshire,odell.name,51293,Andreanne Island,-14.3549,183 Leffler Groves,Connecticut
19114,Buckinghamshire,giuseppe.com,30469-7146,Helena Avenue,80.1619,71359 Paxton Prairie,Delaware
04499-9625,Cambridgeshire,glennie.org,74454,Mack Haven,87.3591,95432 Reichel Mall,Mississippi
88182,Avon,rogelio.com,57588-3488,Satterfield Haven,40.5993,5218 Kling Valleys,Connecticut
58839-1632,Cambridgeshire,hank.net,28433,Merle Manors,-74.3206,2164 Cyrus Park,Illinois
85102-3445,Buckinghamshire,isaias.net,02653-3510,Jerad Views,15.7059,260 Chelsea Mill,New Hampshire
79128,Bedfordshire,eda.info,60328,Lubowitz Wells,17.1135,717 Wunsch Burg,Kentucky
17620,Berkshire,kaelyn.org,81692,Russell Mountains,27.2783,116 Ferry Rapid,West Virginia
49488-4490,Berkshire,annalise.org,07077,Raina Passage,84.5689,191 Gutkowski Inlet,New York
71198-6342,Cambridgeshire,kelly.com,86632,Weber Causeway,46.3972,0488 Schimmel Grove,North Carolina
62599,Cambridgeshire,kristy.biz,90725,Rosenbaum Track,-36.7770,016 Vince Overpass,New York
35009,Buckinghamshire,leo.biz,45616,Parker Spring,-56.9547,0145 Will Keys,Alaska
15166,Avon,juvenal.com,48061-5352,Jimmy Stravenue,21.4510,55899 Botsford Burgs,Oregon
42327-5046,Buckinghamshire,jettie.name,56910-6757,Pfannerstill Motorway,30.6610,913 Dach Mount,Arkansas
20457,Bedfordshire,beverly.biz,78601,Micheal Villages,5.4158,316 Corkery Rapids,Illinois
95427-5108,Avon,jaylon.biz,60472,Nicolas Fords,-25.5342,7676 Reynolds Via,Iowa
06302,Cambridgeshire,foster.info,17394,Gutmann Corner,-64.1248,078 Considine Lights,Rhode Island
77725,Borders,anibal.com,07708-6113,Cruickshank Valleys,-59.9626,460 Melvina Port,Washington
22202,Cambridgeshire,bo.net,91968,Swaniawski Shoal,9.8848,8726 Monahan Plaza,Florida
25305-3919,Berkshire,kaela.net,89882,Schoen Falls,-32.5144,1296 Veum Meadow,Minnesota
54001,Buckinghamshire,bethel.net,56965-1932,Freddie Mountains,-31.3341,99538 Jonas Trail,Virginia
29067-6978,Avon,keven.net,26381,Glover Burg,-38.9283,92223 Maybell Manors,Oklahoma
50621,Borders,america.name,79405-8694,Ambrose Stravenue,-47.3259,254 Deshaun Plaza,Missouri
89647-6955,Avon,jazlyn.com,47356-0600,Kris Mission,74.6887,92732 Delia Forge,Oklahoma
08607,Bedfordshire,gwendolyn.org,23893-9633,Whitney Square,10.2550,8287 White Ways,Colorado
99627,Buckinghamshire,amelie.info,43305,Koelpin Trail,32.1054,27919 Donnelly Cliffs,Oregon
86812-5917,Buckinghamshire,lauretta.biz,94227-1913,Roberto Park,35.1669,60253 DuBuque Oval,Pennsylvania
96674-7789,Bedfordshire,michael.net,99635,Michaela Harbor,81.2452,63354 Lowell Mountains,New Hampshire
00416-1767,Cambridgeshire,beulah.net,58675,Hintz Ville,-28.1052,3657 Stiedemann Circles,South Carolina
74053-1908,Borders,haylie.net,21466-3330,Bryana Highway,-24.5149,527 Rice Trafficway,New Jersey
92203-6946,Borders,theron.org,07376,Jesus Course,12.2924,0882 Altenwerth Cape,South Carolina
09678-6564,Borders,taryn.com,16276,Baby Port,66.0258,50555 Howe Landing,Michigan
24059-9562,Cambridgeshire,eloisa.org,48489,Cierra Knolls,48.7236,8239 Douglas Trail,California
91139,Buckinghamshire,marjorie.info,58182,Walker Keys,5.3271,49666 Dereck Corner,Oregon
56333-8493,Avon,marquise.com,93926,Schneider Turnpike,-5.6155,0935 Elenora Prairie,Georgia
10561-3756,Bedfordshire,miles.info,44071,Swaniawski Burg,-31.2023,114 Hoeger Forge,California
84962-4528,Avon,marcia.biz,69841,Wuckert Coves,-45.5679,12959 O'Conner Shoal,Connecticut
85054,Cambridgeshire,kacey.net,42312,Jewel Shoal,4.9233,7720 Shields Groves,Idaho
89961-1235,Cambridgeshire,jadon.name,62285,Bernhard Isle,24.8098,6310 Strosin Estate,Texas
09685,Buckinghamshire,mara.info,17568-3357,Renner Drive,-2.9488,3420 Herzog Trafficway,Florida
09805-9258,Avon,abdul.org,56432,Leanna Inlet,-8.5904,20540 Schuster Corners,Maryland
58931-6660,Buckinghamshire,ilene.biz,12201-9719,Robel Drive,-52.9705,98277 Jennie Islands,Louisiana
00218,Borders,jeff.com,47051-0837,Mohr Extensions,57.5665,8055 Doyle Springs,Minnesota
43849,Buckinghamshire,dayne.net,53676,Neoma Heights,-49.5421,1954 Batz Point,Wisconsin
40071-7617,Borders,odessa.com,08456-2017,Gladyce Causeway,-6.4498,5887 Mante Field,Ohio
50941-2925,Borders,tracey.net,80958-4005,Brannon Shoal,76.3988,92553 Oberbrunner Plains,Alaska
76487-3392,Berkshire,harry.biz,56004,Weissnat Drives,88.8392,2887 Earl Courts,Illinois
04806,Bedfordshire,nedra.name,01680-7714,Nitzsche Tunnel,2.5157,055 Krystal Creek,Arkansas
06863,Berkshire,angus.org,45172,Marjolaine Mews,25.0719,454 Dorian Fort,Minnesota
90493,Borders,gloria.net,60330,Merle Turnpike,17.3416,446 Ortiz Locks,Oklahoma
55755,Borders,howell.com,11143-6049,Welch Mission,-12.5953,686 Manuel Dam,Oregon
57184-5074,Avon,kyler.biz,23448-0820,Kayli Burg,43.7084,2511 Antone Cove,Minnesota
90890,Borders,kaden.net,71208,Madge Branch,-87.5918,886 Myron Lights,Montana
73140-3765,Borders,adrien.org,42707-5987,Felipa Court,70.4847,00743 Mercedes Club,Pennsylvania
07327-6848,Borders,lera.biz,64984-4045,Earl Street,-11.7462,8633 Miles Passage,Arkansas
77635-1898,Berkshire,serena.org,95419,Werner Circles,-54.6066,0342 Kara Islands,Michigan
69106,Borders,orion.biz,20141-6373,Forrest Heights,-26.2893,53715 Cormier Locks,Kentucky
37194,Berkshire,rex.info,43113-7439,Padberg Summit,1.5375,90306 Towne Key,Ohio
27186-3933,Borders,flossie.biz,56021,Rath Pine,19.2588,4690 Wisozk Row,South Carolina
36735,Avon,lottie.org,59548,Rey Passage,-14.1769,1992 Ena Throughway,Minnesota
51045-1301,Berkshire,zane.com,38695,Gutmann Inlet,-82.6012,05128 Kristopher Avenue,Illinois
88882,Avon,abdullah.net,89888,Lubowitz Garden,-81.7335,54605 Collins Estate,Michigan
19379-5840,Berkshire,gregorio.biz,58201,Jonathan Burg,46.4849,606 Kallie Parkways,Texas
79194,Avon,heidi.info,29244-2256,Jenkins Avenue,-49.5016,39177 Orn Stream,Arkansas
54614-2358,Berkshire,cecelia.biz,87905-9188,Hyatt Lake,12.9921,84821 Jones Plaza,New York
77103-7070,Bedfordshire,sincere.net,97202-2535,Yost Summit,-48.8560,855 Muller Common,Idaho
64195,Bedfordshire,dillan.name,49828,Liza Keys,-31.4338,0508 Kenneth Junction,Rhode Island
15484-5846,Bedfordshire,lester.org,58980-5262,Cassin Estates,18.3090,9733 Mike Court,Oklahoma
53681,Cambridgeshire,lenny.info,35746,Thompson Islands,39.9438,2600 Terry Ranch,Alabama
04080,Avon,burley.name,03206,Wilderman Park,-23.0440,566 Hackett Junction,Maine
25641,Bedfordshire,jerrold.name,91961,Shawn Ridges,-84.7505,05757 Francesco Grove,Virginia
42913,Bedfordshire,emelia.biz,47943,Schamberger Lock,7.9735,28613 Emmitt Mill,Wisconsin
02586-7009,Bedfordshire,marie.biz,49984,Williamson Heights,-38.9006,92441 Mante Green,North Dakota
35883,Bedfordshire,angela.name,29324,Larson Springs,24.5046,9497 Bode Lake,Tennessee
56183,Borders,sedrick.info,86828-9548,Thiel Drive,-56.1895,072 Orpha Branch,New Jersey
33150-5595,Avon,trent.com,59416,Stanton Stravenue,-56.1130,8382 Arnoldo Mill,Washington
79591,Buckinghamshire,darryl.org,68956-3014,Schaefer Divide,10.2685,63910 Edwina Estate,Missouri
85787,Berkshire,alessandra.org,90818-7842,Tremblay Pass,25.1083,39422 Hegmann Passage,New York
11030-2361,Cambridgeshire,aaliyah.name,66404,Ozella Island,67.9968,955 Berge Coves,Washington
31799-7379,Bedfordshire,willy.org,44681-7497,Rolfson Prairie,-65.5287,932 Durgan Ferry,North Dakota
32964,Buckinghamshire,amber.net,82543-3131,Vicenta Coves,0.2213,650 Janick Locks,Alabama
45945-7410,Berkshire,lizeth.com,26803-8927,Elyse Rest,66.5080,20601 Cruickshank Row,Oregon
77202-7521,Cambridgeshire,thurman.info,60457,Sawayn Knoll,-47.4791,98804 Yolanda Brook,Louisiana
29210,Borders,fabiola.biz,18416,Reinger Turnpike,34.3770,6402 Donnelly Village,Rhode Island
36344,Berkshire,humberto.org,83882,Andreane Alley,-59.0233,0125 Elmira Valleys,West Virginia
61129-0926,Borders,allan.net,06427,Lynch Groves,85.6249,869 Douglas Inlet,Oklahoma
42521-6640,Cambridgeshire,felton.name,19616-8760,Pietro Mountain,77.1679,8339 Nestor Village,Maine
82473-2376,Avon,ines.org,17052-8343,Muller Land,-59.3806,121 Schoen Groves,Virginia
67247-6182,Buckinghamshire,jewell.info,63035-3751,Bartell Forges,63.3208,64089 Stracke Keys,Hawaii
31345,Buckinghamshire,guiseppe.biz,36334,Brielle Ford,42.8565,6978 Fae Radial,Oklahoma
76601,Bedfordshire,luther.biz,26905,Weber Vista,-74.4997,0468 Rath Drive,Nevada
19507,Avon,rolando.info,42595,Okuneva Burg,-77.8763,519 Kobe Spur,South Dakota
29346,Borders,guido.net,84585-9061,Abbigail Burg,-24.1788,50519 Gleason Spring,Tennessee
46324,Cambridgeshire,theresa.biz,41309-3703,Wisozk Ferry,25.2517,52083 Calista Place,Arizona
96306,Borders,fermin.biz,27167-3784,Hauck Heights,28.4127,8567 Wisoky Hills,Oklahoma
45176,Avon,roman.info,00186-1207,Howell Lakes,20.2190,6328 Bogisich Square,New Hampshire
55906,Cambridgeshire,rogelio.com,82137,Alana Drive,21.2349,07252 Connie Place,Iowa
62650,Berkshire,alfred.name,95109-0982,MacGyver Landing,69.1339,5067 Koby Trace,North Carolina
33244,Cambridgeshire,orlando.info,65016-5294,Jaiden Island,25.7306,7211 Germaine Junction,Hawaii
30510-5108,Avon,orrin.org,73205-6950,Idell Ferry,-41.2161,07111 Ken Via,Oregon
27493,Berkshire,diamond.name,35618-2300,Bettye Ford,-44.5186,6083 Cremin Island,South Dakota
49555-2221,Bedfordshire,ricardo.info,78327,Eulah Track,46.6377,930 Selmer Extensions,Rhode Island
09608,Borders,wade.info,97610,Loraine Park,-2.7766,940 DuBuque Green,Wyoming
26346,Bedfordshire,alejandra.biz,87407,Bernhard Forest,42.5700,373 Gislason Harbor,Tennessee
49286,Avon,oliver.org,39355,Hettinger Lodge,-84.6614,9892 Joannie Tunnel,Georgia
60359-8056,Borders,harmony.com,48235,Paucek Mount,-73.4832,10150 Aubree Plains,Maryland
24086,Buckinghamshire,jessica.com,50327,Kris Landing,-67.1564,44861 Rodriguez Light,Montana
26573-9078,Bedfordshire,hertha.net,42746-4488,Kilback Brook,-46.6042,6242 Trantow Ports,South Carolina
46920-7263,Berkshire,dewitt.net,64217-4693,Alyce Shoal,16.7423,6808 Schinner Loop,Ohio
69516,Bedfordshire,alessandra.name,43931-3889,Monahan Land,-85.3689,151 Kertzmann Underpass,New Jersey
32302-8465,Bedfordshire,arlene.name,74541,Rebecca Views,-49.6180,0942 Corwin Shoals,Louisiana
90894-2280,Borders,magnus.net,00419-9105,Grant Haven,69.5704,310 Vanessa Row,Montana
78250,Berkshire,vena.info,36147,O'Reilly Knoll,52.3275,8217 Paucek Parkways,Hawaii
04266,Cambridgeshire,kailey.com,30202,Berge Village,20.2107,5558 Kailey Cliff,Georgia
06308,Borders,irving.name,99228-5187,Maryse Orchard,-62.0921,2598 Brakus Drive,Washington
33196-3173,Cambridgeshire,rusty.net,32908,Casimer Squares,-5.1609,187 Rowe Ranch,Kentucky
73901,Bedfordshire,monique.com,65103,Frami Turnpike,-41.4858,43541 Heller Place,California
90342-3213,Buckinghamshire,betsy.biz,14094-9385,Markus Fields,-54.8161,5267 Moen Grove,North Dakota
71364,Berkshire,lucious.net,72519,Gislason Dam,40.6904,01825 Schaden Mission,Kansas
20500-4176,Borders,sibyl.biz,78571-7601,Schoen Turnpike,19.5909,413 Myrtle Mission,Illinois
61022-1258,Bedfordshire,jewel.com,00637-4075,Heaney Fork,-72.5661,99282 Ella Highway,Tennessee
05977-6183,Cambridgeshire,maxine.com,03988,Britney Villages,-57.8328,865 Pacocha Via,Arizona
90163-5556,Berkshire,delmer.info,11974,Cassin Trafficway,18.3133,046 Luigi Hills,New Mexico
70319-4436,Berkshire,consuelo.org,53801-4485,Smitham Village,-77.9280,7463 Gleason Mall,Colorado
27648,Buckinghamshire,jimmie.info,42823-1614,Harley Ville,12.5343,6121 Karelle Manor,Idaho
89805,Cambridgeshire,bert.biz,59695,Dusty Walks,-40.2521,323 Mayer Drives,Missouri
67397,Berkshire,kyleigh.name,74687,Bashirian Springs,-38.4741,112 Morissette Forest,Montana
22389-0094,Berkshire,quincy.info,94830,Walter Walks,-61.9741,638 Thaddeus Cove,Iowa
05785,Berkshire,kim.net,16345,Halvorson Fields,-39.9086,0978 Wiza Village,Illinois
06955,Bedfordshire,jakayla.com,48739-7950,Tromp Shores,1.8570,1363 Zemlak Centers,Oregon
05506-4922,Cambridgeshire,emmalee.biz,49139-7311,Glover Mill,-40.5872,1610 Gerlach Estates,Wyoming
93231-8648,Berkshire,garret.name,75016,Adah Mountains,40.2260,6731 Aurelio Views,Alaska
88445-0091,Cambridgeshire,jeremie.name,78046,Dianna Curve,36.5826,222 Schaefer Drives,North Carolina
89181-2677,Avon,clarabelle.info,68699-3063,Kutch Greens,-86.5038,52046 Maymie Route,Alaska
64252,Buckinghamshire,valerie.name,85023-8315,Bethany Summit,72.8072,7689 Wade Meadow,Minnesota
23811,Buckinghamshire,wava.info,39528-4892,Schaden Wall,-69.7792,460 Corwin Squares,Nebraska
92232,Borders,kendall.info,73533-2732,Daija Shoal,-60.3983,827 Towne Fork,Maryland
46164-9741,Bedfordshire,ashly.biz,27824-2666,Kelsie Summit,34.2738,70985 Rodriguez Ports,Georgia
79752,Buckinghamshire,esta.net,76353,Kulas Isle,-0.3824,38855 Lilyan Crest,Maryland
66584,Borders,janae.name,86490-1330,Schneider Circles,32.2090,524 Stefan Lodge,South Dakota
66568,Borders,rhea.info,38927-9665,Zoie Alley,-74.2288,9004 Coy Port,Tennessee
64082,Avon,roberta.name,57685,Muller Forge,53.5316,39657 Johnathan Mission,Arkansas
37236,Berkshire,elyse.name,76868-9777,Haley Squares,-49.2264,2350 Gerard Estates,Wyoming
30388,Cambridgeshire,clementine.net,19091,Roob Stream,1.4463,12932 Kilback Ramp,New Mexico
84643-0045,Cambridgeshire,owen.name,63007-6377,Will Plain,1.9482,91554 Abigail Motorway,Ohio
14627,Cambridgeshire,burdette.com,51879-2028,Uriah Crossing,2.9604,643 Bogisich Lakes,Connecticut
46602,Berkshire,mafalda.name,08679-2840,Meda Causeway,-2.5733,726 Rice Curve,Mississippi
70549,Borders,emma.com,93565,Eulah Mills,75.2333,1217 Kellen Plain,Louisiana
23553,Bedfordshire,fae.org,76323-8524,Krystina Lodge,-77.5478,44227 Maybell Haven,Wisconsin
65171,Avon,devan.org,30387-7965,Ortiz Field,51.4277,5493 Bogan Station,Alabama
43661-6926,Bedfordshire,mathew.net,82311,Schmeler Shores,-40.5996,42978 Omer Port,Nevada
25975,Buckinghamshire,brady.org,17133,Keon Burg,40.0690,972 Narciso Roads,Virginia
39082,Borders,corrine.info,24795,Adaline Brooks,-11.0672,00328 Karley Burg,Virginia
90796-8358,Buckinghamshire,rodolfo.net,87028-7140,Zoie Freeway,47.4114,57586 Kassulke Lakes,Georgia
46175-6146,Cambridgeshire,casandra.name,75067,Fahey Brooks,83.3511,1648 Mabel Alley,Alabama
32616-8503,Berkshire,orval.biz,62561,Deborah View,53.9268,064 Cassin Run,North Dakota
52381,Bedfordshire,estefania.name,71393,Christine Estate,-20.6487,6495 Dino Mission,Ohio
60138,Avon,earnestine.biz,17473,Cummerata Hill,15.7872,72761 McDermott Forge,New Jersey
15237,Avon,nyah.info,02826,Velva Estates,84.8025,03089 Emmerich Avenue,Wyoming
94212,Bedfordshire,joanne.net,77458,Jace Alley,-55.3235,9576 Shields Trafficway,Utah
92885,Buckinghamshire,cornell.info,43061-9308,O'Conner Way,-18.9194,4022 Cruickshank Ports,North Carolina
47180,Avon,clifford.name,64606-1252,Makenzie Well,24.0675,7916 Juwan Lodge,New York
44828,Borders,norwood.biz,77127,Wehner Drive,30.7960,447 Afton Grove,Illinois
13264,Bedfordshire,dangelo.info,21169-0364,Boris Walk,42.2569,52720 Jacky Fort,New Hampshire
40794-7060,Borders,nick.com,21788-8710,Trevion Lakes,63.5164,45822 Reid Mews,Idaho
87128-3110,Berkshire,estrella.com,48232,Demario Shoal,12.4478,85105 Schumm Causeway,Kansas
96537,Berkshire,jude.net,32547-1555,Emie Unions,-46.2595,58423 Murphy Extension,Delaware
93114-8566,Buckinghamshire,ramiro.name,53751-0574,Jaquelin Station,56.9947,150 Luciano Port,Pennsylvania
23595-5986,Borders,delphia.info,62879-4230,Kenya Ramp,-40.1300,47002 Rhianna Station,South Dakota
91475,Cambridgeshire,susan.info,81492-0086,Sporer Fork,-33.4858,5705 Casper Springs,Mississippi
98862-4859,Buckinghamshire,leanna.name,68595-6430,Littel Roads,54.8640,61654 Kautzer Points,Alabama
29049-7612,Avon,floyd.name,74541,Heller Pike,58.0259,929 Cleo Ports,Nebraska
46740,Buckinghamshire,rose.org,65796-6381,West Fords,-67.8823,08308 Sanford Views,Georgia
64362-5429,Bedfordshire,luis.biz,06074,Altenwerth Drive,81.4457,636 Aufderhar Mews,Alaska
09524-9579,Buckinghamshire,dominic.org,33038,Rita Locks,63.3683,1805 Satterfield Landing,Nevada
78545,Avon,burnice.name,47943-7220,Dietrich Manors,-59.5836,6524 Dayana Gateway,New Hampshire
89836,Bedfordshire,margarette.name,09323,Karen Shoals,-67.6212,731 Cathy Valley,Kentucky
03440,Avon,marty.org,46119-9991,Schneider Springs,79.4494,633 Easter Orchard,Texas
61785,Cambridgeshire,jeff.net,83704,Jacobs Cape,-52.8135,579 Emmerich Points,Louisiana
35421,Buckinghamshire,andrew.com,62096,Laisha Keys,65.1136,69495 Erdman Highway,Connecticut
43725,Buckinghamshire,lillie.info,72874,Louisa Roads,47.1505,8817 Lynch Ways,Louisiana
57996,Borders,finn.net,20148,Robb Spurs,83.5668,446 Ankunding Fork,Utah
82231,Bedfordshire,eulalia.name,80906,Titus Tunnel,-51.9646,792 Rempel Cliffs,Hawaii
83689,Cambridgeshire,thomas.net,44166,Wolff Crescent,-19.5823,547 Haley Junction,Iowa
11941-1485,Avon,mallory.biz,72718-7864,Weber Mill,-1.6708,57284 Chance Fort,North Dakota
00947,Buckinghamshire,sabrina.biz,53837,Sporer Port,-69.2519,76474 Johnpaul Glens,California
93024,Bedfordshire,elias.net,11172-7302,Alisa Forge,18.4995,5045 Kreiger Key,Montana
26060-9574,Buckinghamshire,adriel.org,98719,Lavada Valley,78.8999,70326 Fredy Locks,Nebraska
40162-8544,Avon,alexie.name,93818-7694,Heathcote Ford,-36.2556,058 Homenick Courts,Nevada
38979,Berkshire,dashawn.net,49505-0730,Lucienne Islands,-89.5857,797 Sebastian Springs,Pennsylvania
55575-2177,Buckinghamshire,lulu.name,52084-6143,Schultz Valleys,44.8243,665 Beahan Cape,Texas
41908,Bedfordshire,giuseppe.org,37984,Tyson Brooks,50.3311,965 Stamm Pines,New Mexico
72688,Buckinghamshire,cleveland.org,06178-6194,McLaughlin Drive,65.8904,1591 Rashad Rue,New Hampshire
80242,Borders,fredy.info,58859-4095,Martina Garden,-57.2915,33428 Makenzie Route,Wyoming
32618,Buckinghamshire,brannon.net,45915-6183,Shania Loop,-75.2562,475 Hane Neck,Alaska
48225,Avon,shemar.biz,40076,Jayson Greens,85.0235,5850 Goyette Ramp,North Carolina
43128-9429,Bedfordshire,lora.org,29179,Rosenbaum Fords,-80.1266,4966 Scotty Curve,Utah
75186-6674,Cambridgeshire,royce.net,04719,McGlynn Terrace,12.9051,1093 Heller Loaf,Pennsylvania
87695,Buckinghamshire,alanis.net,45597,Kozey Landing,-4.1266,11414 McCullough Keys,Missouri
45862-6212,Bedfordshire,samson.info,81749-6782,Sawayn Well,22.3660,91020 Strosin Mall,Utah
45451-3934,Borders,toy.org,77125,Breitenberg Plains,-19.1730,0850 Stehr Spurs,Nebraska
60125,Cambridgeshire,reinhold.com,90936-6674,Hodkiewicz Hill,8.4357,357 Emmitt Terrace,Nevada
43736-4148,Avon,roman.org,31396-8596,Shields Vista,86.8049,414 Chloe Loop,Nevada
46981-8516,Berkshire,astrid.net,97417,Treutel Crossroad,-71.4721,01302 Schultz Inlet,Maine
45325-5779,Borders,darwin.net,13981,Bode Passage,-48.5010,370 Nikolaus Stravenue,Massachusetts
01476,Buckinghamshire,edwardo.name,19763-1583,Brielle Land,43.3239,38385 Fae Lakes,South Dakota
26257,Bedfordshire,celestine.com,58926-3738,Kevon Way,9.1374,639 Schinner Via,Pennsylvania
25872,Borders,cristina.com,65732-7872,Helene Overpass,64.8630,99794 Caterina Terrace,New Jersey
85001-2776,Bedfordshire,lenny.biz,05690-0330,Evalyn Union,72.9678,1000 Madilyn Rue,Tennessee
64031,Berkshire,luis.biz,88409,Rosalia Drives,60.0309,44443 Asa Ports,Mississippi
14123,Berkshire,marisol.info,05281,Hintz Square,-26.2933,460 Hudson Causeway,California
75964-8248,Bedfordshire,conner.net,12244-1294,Turner Grove,-28.1362,529 Rowe Fields,Delaware
52601-6795,Bedfordshire,cristal.org,16354-6555,Viva Estates,57.5200,58511 Kulas Knolls,Arkansas
68078-0523,Cambridgeshire,alberta.biz,77074-4316,Funk Highway,82.6032,41604 Glenda Stream,Colorado
05061-3427,Borders,emmet.net,51207-9458,Herzog Drive,68.7265,0798 Edyth Rue,Alabama
60147-1611,Buckinghamshire,janiya.net,71740,Nader Expressway,6.9347,221 Lynn Glen,Wyoming
64579-4760,Avon,ines.info,59897,Jeromy Overpass,57.2895,8757 Horacio Station,South Carolina
10453-9366,Bedfordshire,macie.com,31761-9440,Witting Squares,55.4100,9995 Kyla Ramp,South Carolina
97577,Bedfordshire,elwyn.biz,84782,Casper Station,-31.6967,5421 Goodwin Trail,Nebraska
04046-2979,Avon,nora.org,67865-4693,Hauck Bridge,-64.9957,204 Audra Points,Nebraska
34104-7655,Bedfordshire,emerald.biz,82375-2733,Zulauf Brook,-7.6538,105 Torphy Stravenue,Alabama
21216-5609,Borders,lizeth.info,94147-3578,Fadel Village,65.9346,623 Bode Place,Illinois
63509-0157,Buckinghamshire,wilfredo.info,99519,Fahey Port,-7.2455,1127 Walsh Springs,Ohio
85901,Borders,maybelle.info,64782,Roberts Estates,80.4319,65191 Modesta Square,Michigan
70684,Cambridgeshire,jarred.org,88250-0558,West Tunnel,-13.4096,838 Jaskolski Vista,Wyoming
78563-5674,Borders,nasir.info,61142-3454,Simonis Islands,-68.9926,239 Gutkowski Parkways,Iowa
93881,Borders,madalyn.net,79092-2689,Bruen Centers,-23.0578,98861 Kihn Isle,Louisiana
85339-4564,Berkshire,golden.info,96040,Vincent Lake,-3.0135,017 Parisian Pines,Nebraska
86021-3534,Borders,mozelle.org,31977,Rohan Port,-48.0285,005 Weissnat Divide,Louisiana
44613,Cambridgeshire,davion.org,46087,Cole Rue,-10.5156,2477 Humberto Crescent,Nebraska
78470,Bedfordshire,jacynthe.biz,75872-0964,Adaline Gardens,-18.8612,200 Prosacco Underpass,Ohio
96237,Borders,vincent.org,03853,Edgardo Knolls,-77.0503,50904 Ryder Field,Oklahoma
27145,Borders,rollin.org,30285,Bauch View,-26.2567,70531 Leannon Valleys,Nebraska
32223-6310,Borders,miguel.info,73217,Cecilia Creek,75.9421,517 Hackett Drive,Idaho
99003,Cambridgeshire,domenic.name,91251,Waters Grove,-67.0120,323 Heidenreich Route,Maryland
71145,Bedfordshire,julius.net,15345,Ellen Vista,72.3964,021 Osinski Rest,Georgia
40850-9496,Buckinghamshire,ena.biz,65879,Gerhold Junctions,74.4971,9575 Ashlynn Meadows,Connecticut
09236-8951,Berkshire,bernhard.info,13907-9074,Orland Crest,36.5527,2416 Tromp Land,Wisconsin
75646,Berkshire,narciso.com,47625-5995,Henderson Orchard,-27.2954,19851 Kenny Lake,Iowa
95022,Buckinghamshire,elwyn.name,73495,Stehr Motorway,-53.4347,312 Dallin Orchard,Idaho
05041-5709,Bedfordshire,kariane.com,79679,Paucek Centers,80.2568,8769 Esmeralda Drives,Florida
89061,Buckinghamshire,lorna.com,71388,Callie Coves,-9.2849,407 Friesen Rest,Texas
56767-1667,Buckinghamshire,mike.com,68788,Geovanny Radial,39.2535,610 Lindgren View,New Mexico
56431-8772,Borders,leopold.name,71141,Victoria Groves,56.2167,7823 Richie Grove,West Virginia
33962-6624,Borders,edd.biz,64775,Mraz Route,0.4953,253 Vandervort Burgs,Nevada
99766,Avon,milford.net,17879,Legros Lake,24.6905,9260 Durgan Dale,Delaware
62665,Avon,russell.net,59017-0170,Romaguera Throughway,71.3644,057 Nat Walk,Connecticut
24125-2432,Berkshire,jazmyne.org,54276,Kassulke Mountain,-70.1035,5630 McCullough Street,Vermont
12687,Cambridgeshire,fred.info,90474-3860,Ismael Harbor,-19.9244,99493 Brendan Creek,South Carolina
20346-5087,Bedfordshire,stan.info,51499-1928,Schmidt Extension,54.3303,83013 Fahey Throughway,Maine
73188,Bedfordshire,jaeden.name,08417-9300,Joany Key,59.7391,919 Jast Overpass,Nevada
30678-1489,Borders,brett.name,85826-4302,Mayer Oval,84.6442,15523 Evalyn Junction,South Dakota
42290-0418,Cambridgeshire,taylor.com,15727-1095,Lourdes Drives,-28.7986,6155 Christine Via,Minnesota
62520-8866,Cambridgeshire,dalton.biz,91894,Laila Junctions,-41.3047,20291 Bogisich Bypass,Minnesota
01761,Bedfordshire,keith.name,05516,Mallory Way,54.4347,13143 Earline Park,Rhode Island
43629-3075,Avon,jolie.com,47430,Kirk Throughway,20.4128,55576 Miller Crossroad,New Hampshire
35957-8271,Berkshire,dejon.com,84054,Rhea Mission,9.2184,4487 Zieme Burg,Vermont
90185-4296,Bedfordshire,cody.com,58437,D'Amore Fields,-52.5849,176 Hermina Spurs,Texas
07591,Bedfordshire,rodrick.info,00144-2633,Andreanne Trail,-58.2554,4906 Jeffry Trafficway,Virginia
51814-4736,Bedfordshire,lindsay.name,33889-8548,Lemke Glens,17.0485,3443 Hettie Park,Mississippi
52971,Bedfordshire,salvatore.biz,18108-7710,Nicolas Isle,-13.1872,982 Jeremy Fords,Missouri
41038-9141,Berkshire,patricia.name,50947-4524,Rafaela Trafficway,55.1624,864 Lia Trail,Massachusetts
66124-0306,Berkshire,syble.net,37110-8934,Dimitri Mount,41.1368,7572 Finn Estates,South Dakota
60863,Berkshire,susana.com,38597,Phoebe Burg,42.9930,1126 Tromp Crossroad,Louisiana
79958-7594,Borders,dortha.com,60497-4051,Dickinson Lake,23.0813,978 Hane Flat,New Jersey
49463,Borders,melissa.net,61960-2690,Keeling Stravenue,-37.3080,894 Nolan Islands,North Dakota
01634,Berkshire,isobel.com,09499-2551,Greenfelder Stream,-81.0631,06176 Chelsie Passage,New Jersey
11212,Avon,trinity.com,32311-4200,Nona Freeway,3.4065,420 Daija Club,Maryland
58221,Bedfordshire,cary.info,89419,Taya Forges,83.9039,78195 Beulah Stream,Alabama
60532,Buckinghamshire,heloise.net,60717,Bradtke Bridge,11.0192,201 Halvorson Squares,Texas
03848,Borders,marcelino.name,77630-6618,Tierra Tunnel,-79.1457,432 Shania Tunnel,South Carolina
67964,Buckinghamshire,kamille.info,16435,William Springs,-54.3919,83605 Murray Mountain,Connecticut
09166-9668,Avon,bethel.com,27137,Lowell Trail,-32.2901,49019 Daniel Circles,North Carolina
98599,Berkshire,angie.org,83657-3834,Grimes Island,85.2292,543 Jacynthe Union,New York
81355,Cambridgeshire,liliana.net,00119-4850,Jayne Valley,-73.2735,424 Crooks Village,Iowa
30383-8176,Bedfordshire,chance.name,37492,Vivienne Plain,70.4429,56988 McClure Springs,Hawaii
50809-4221,Avon,armand.net,63911,Jerde Light,-27.9097,24406 Yost Lakes,Mississippi
70353-2765,Cambridgeshire,mohamed.org,10014-7222,Wolf Mountains,50.2573,762 Eldora Mall,California
05089-7487,Borders,kaylee.info,98547,Botsford Expressway,25.1266,17991 Pagac Oval,Pennsylvania
06384,Berkshire,ally.net,51836,O'Conner Orchard,-2.4352,65072 Mertz Forge,Rhode Island
93187,Avon,raphael.com,93302,Ashtyn Knolls,46.2262,24648 Jakubowski Landing,Utah
99907-9278,Avon,cathryn.info,18194,Oral Green,58.8409,1437 Julien Rapids,Missouri
62474,Borders,ryleigh.info,74043-4860,Margie Summit,78.9495,46523 VonRueden Mount,Idaho
11439,Avon,wilfredo.biz,55333,Wolf Ferry,-70.2808,74436 Glover Spring,Louisiana
49335-8382,Buckinghamshire,sister.biz,43973,Casper Meadow,-63.7471,632 Winifred Coves,North Dakota
65397,Buckinghamshire,rebeka.net,67526,Eleazar Underpass,-2.4011,56744 Pfannerstill Inlet,Maryland
27394-9668,Avon,neal.net,84089,Gerhold Estate,21.5280,5201 Woodrow Extension,North Carolina
42492,Bedfordshire,kathlyn.info,80020,Metz Parkways,62.9060,7295 Amelie Greens,Wyoming
61710-0542,Berkshire,gaylord.biz,96445-5777,Ephraim Spurs,17.3217,2406 Virgie Causeway,North Dakota
46122-7560,Borders,kolby.org,17362-4599,Hans Way,47.1478,4619 Howell Lights,Maine
15942-3932,Bedfordshire,nichole.info,64896-7782,Jordi Square,-54.3325,6571 Gabriella Prairie,Michigan
40569-9450,Berkshire,lila.com,76794,Beier Center,80.4711,84124 Ransom Flats,Missouri
33278-6100,Buckinghamshire,robin.com,87491,Nikolaus Isle,63.9390,729 Hassan Gateway,Vermont
26406,Berkshire,logan.name,44123,Jaylon Well,-25.5370,65773 Devyn Pike,Connecticut
54634-2453,Cambridgeshire,emmalee.net,28537,Yasmeen Parkways,50.2511,3304 Wiza Islands,South Carolina
09458,Bedfordshire,hermina.com,08261-7651,Wilderman Road,82.0068,5824 Holden Hill,Michigan
42212-1657,Buckinghamshire,lilyan.biz,86472-5082,Leannon Curve,-26.0227,107 Mathew Forks,Ohio
61876,Berkshire,arlie.net,97759-5697,Fermin Mission,28.9113,6646 Jennings Road,Kentucky
33845-6322,Avon,crystel.biz,10536-5009,Jaylan Tunnel,-1.4992,853 Anderson Stream,Washington
96470,Cambridgeshire,thomas.com,55004,Walsh Roads,-24.1275,7986 Asia Keys,New York
94942,Cambridgeshire,adolph.info,78329,Milton Estate,-59.5180,85432 Frederique Centers,Florida
16952,Cambridgeshire,noble.biz,28256-6447,Ryan Ville,5.7407,400 Jacobs Roads,Montana
21224,Bedfordshire,joaquin.name,85623-6288,Hermiston Canyon,40.8530,11053 Marvin Ferry,Iowa
68374,Buckinghamshire,arlo.net,62099-8157,Ora Walk,65.5065,7048 Lebsack Plain,Indiana
81737-6072,Bedfordshire,angelina.name,11243-6269,Lueilwitz Brook,20.0505,2551 Bruen Lakes,Delaware
63724-3290,Berkshire,xander.net,66806-5996,Windler Well,89.1131,28271 Denesik Port,Colorado
39700-8448,Buckinghamshire,herman.biz,44477,Nikolaus Mountains,-3.6838,40343 Heller Avenue,Texas
75669,Berkshire,maida.biz,53514-2110,Gina Inlet,-24.0223,5179 Maggio Drives,North Dakota
42510-1942,Cambridgeshire,fritz.biz,95323,Madelyn Roads,-66.7158,769 Muriel Roads,Ohio
80928,Buckinghamshire,jameson.net,55079,Schamberger Forge,75.3378,405 Goldner Mountain,Idaho
55250-6017,Avon,cordelia.name,65093-3481,Beatty Wall,-73.7685,8370 Trantow Mews,Georgia
50445-5446,Buckinghamshire,dena.org,05572,Tremblay Place,61.3943,1549 Johanna Road,Texas
18450-5415,Bedfordshire,donnie.name,42060-1715,Dickinson Station,-49.1533,2899 Quigley Cliffs,South Carolina
71760,Berkshire,hilbert.name,34573-6048,Lehner Lodge,84.2102,8242 Swaniawski Drive,Massachusetts
92938,Avon,lester.net,48562,Gladyce Trail,-68.7089,05181 Carol Trail,Mississippi
03894-2299,Buckinghamshire,koby.org,80035,Conroy Loop,-72.1563,11399 Wyman Haven,Delaware
18858,Cambridgeshire,rupert.com,52173-1011,Kub Circle,76.9701,2106 Dare Cove,New York
16987,Buckinghamshire,thad.com,48250,Darion Fords,-74.5023,9789 Hector Avenue,California
63355,Berkshire,colton.org,36212-8282,Americo Creek,-89.1134,739 Ladarius Dale,Florida
82224-5709,Bedfordshire,theodore.biz,09707-4721,Kling Pike,53.2767,555 Jacynthe Glens,Maryland
73056,Bedfordshire,carmela.name,76580,Denesik Locks,-11.8227,9443 Everardo Flat,Alaska
30729-8450,Borders,millie.name,49340-5240,Reichel Ways,19.6183,914 Okuneva Mission,Maryland
19553,Borders,charlie.net,57552,Ariane Road,47.6041,01686 Jalen Forest,South Dakota
61410-9833,Borders,yesenia.net,04442-2632,Easton Turnpike,1.0901,76953 Adrain Forks,Minnesota
34190,Cambridgeshire,rashad.org,32193,Trycia Mountain,73.4622,624 Jennings Stream,Virginia
25015-1692,Avon,braeden.net,11649,Sarah Roads,78.1971,9145 Lucy Courts,California
50135-8762,Cambridgeshire,lorna.org,87045,Aufderhar Via,19.1500,2528 Koss Isle,Minnesota
90013,Berkshire,bridie.name,05551-0454,Lisette Plaza,-88.9206,491 Dante Flats,Mississippi
27830-0614,Avon,queen.biz,99590-5912,Glover Mountain,61.3996,33916 Edison Turnpike,Kentucky
98360-9219,Cambridgeshire,ada.net,88541,Lueilwitz Plaza,-72.2587,5874 Waylon Stream,Missouri
82783-2989,Buckinghamshire,magnus.name,54656,Rigoberto Court,73.3980,9716 Brandon Trail,New Jersey
30410,Avon,javier.info,66845,Wilma Tunnel,66.9392,1985 Feest Curve,North Dakota
44097-5418,Cambridgeshire,natasha.info,04037-1741,Nitzsche Station,78.7869,06542 Raynor River,New Jersey
53840,Cambridgeshire,holly.net,56404-5691,Hoeger Keys,53.9922,376 Bethel Park,Mississippi
06744,Avon,houston.biz,75736-9968,Elmo Tunnel,56.9047,9578 Roy Point,West Virginia
23624,Cambridgeshire,mckenzie.biz,44301-5758,Kihn Spring,5.2120,9778 Abigail Forge,New York
74526,Avon,lisa.net,65033,Valentina Island,-75.0673,558 Zoey Gardens,Washington
97247-8985,Berkshire,loyce.name,99871-1531,Kaelyn Stream,23.6892,31479 Cole Center,Mississippi
91875,Bedfordshire,antonio.info,03756-2025,Cartwright Brook,56.7915,58329 Marvin Ports,California
06836-4025,Avon,shaylee.net,91829-8474,Bergstrom Ramp,-26.1482,4565 Bergnaum Loaf,South Dakota
29185,Avon,ella.com,50940,Hamill Walk,-20.5354,5991 Reymundo Wells,New Jersey
14689,Cambridgeshire,sigmund.net,15439,Hildegard Pike,32.7330,47571 Willms Green,Michigan
77070-8752,Avon,daniella.biz,95537-9143,Little Cove,-38.8627,140 Harvey View,Hawaii
27607,Borders,lizzie.info,67291-9235,Rice Mission,-57.1559,9831 Elisa Points,Tennessee
06378,Cambridgeshire,aleen.name,73040,Walter Streets,-84.8288,8440 Jacobi Knolls,New Jersey
88393,Borders,marshall.name,14335,Lynch Heights,77.4967,101 Leannon Station,South Dakota
03092-0340,Borders,leta.net,78788-9418,Lockman Hill,-37.5790,69758 Green Street,Texas
00012,Cambridgeshire,madison.net,48248-9969,Kirsten Run,-20.7696,0164 Tromp Vista,Delaware
23513-2776,Avon,alia.net,85338-2635,Savion Dale,-81.0520,667 Curt Dale,Alaska
40566-0803,Berkshire,etha.net,78854,Winston Crest,-72.3689,835 Metz Cliffs,Florida
97415,Buckinghamshire,beth.net,44571,Liliane Alley,-42.2361,49661 Nickolas Spur,Wisconsin
87402,Cambridgeshire,arjun.biz,63607-5603,Miller Streets,82.6437,45943 Estelle Expressway,Kentucky
58378-2169,Buckinghamshire,erling.info,32694,Christina Garden,-81.6135,00443 Breana Extension,Utah
52999,Berkshire,giuseppe.biz,30647-7005,Lincoln Place,-42.8419,83803 Duncan Hills,Wisconsin
09329,Bedfordshire,della.com,69813,Hudson Divide,12.9940,8611 Russ Terrace,Alabama
39506-1113,Avon,cassandra.name,94148,Otis Locks,14.4887,170 Edwin Brooks,Arkansas
75818,Bedfordshire,llewellyn.net,33076-6527,Malika Roads,88.4202,0817 Wuckert Vista,Nebraska
96873-7423,Bedfordshire,noble.info,38699,Karl Loop,48.4433,834 Durgan Vista,New York
90546,Borders,deja.com,48429,Funk Vista,-73.5555,6790 Jacobson Lake,Colorado
97105,Avon,ryder.net,97767-6421,Lola Park,-13.5738,8850 Pacocha Road,Wisconsin
55195-5169,Avon,caitlyn.org,54822-9602,Rice Pike,-40.0055,2630 Carroll Keys,California
29202,Cambridgeshire,porter.name,20825,Langosh Mountains,-18.2001,0522 Weissnat Court,Connecticut
16569-1685,Avon,bertrand.name,23894-9255,Turcotte Ports,33.1532,87711 Kuhlman Court,Tennessee
57832-6140,Buckinghamshire,kali.com,68367,Isadore Square,88.2157,18891 Darwin Parkway,Vermont
00205-7401,Avon,providenci.name,62978-8167,Patsy Stream,-10.6374,063 Schowalter Plain,Louisiana
77140-5277,Borders,santiago.info,72282,Walton Extensions,-67.4086,249 Spinka Hollow,Texas
43179,Bedfordshire,rosella.name,26895,Marques Shore,0.1804,839 Ara Wall,Wisconsin
96867,Avon,nyasia.org,98480,Dessie Ridge,5.1436,56378 Roslyn Grove,California
52615,Borders,betsy.net,90960,Dejon Trafficway,-42.3929,047 Justyn Mall,Tennessee
09588,Borders,anahi.com,49273,Jaclyn Garden,29.4576,936 Frederik Lodge,California
04612-1972,Berkshire,ava.info,52240,Phyllis Drive,64.4999,2548 Bernier Fork,New York
63669,Avon,orlando.org,11880,Pfannerstill Manor,82.8633,847 Elody Meadow,Idaho
21063,Berkshire,olaf.info,63485,Lockman Gardens,-36.3217,465 Bennie Key,South Dakota
51208,Avon,emie.biz,74774-1679,Walker Lodge,-6.0847,4654 Felicita Shores,Montana
78464,Cambridgeshire,immanuel.biz,85587,Jazlyn Garden,-60.6408,755 Van Path,Indiana
71278-5486,Avon,rylan.com,80334,Elvera Corner,26.6435,9803 Sedrick Valley,Ohio
61617,Buckinghamshire,crystal.net,30462,Ernser Stream,81.1024,49551 Stroman Plaza,New Hampshire
04817,Bedfordshire,cleveland.org,43620,Conn Stravenue,75.8010,25313 Kyleigh Plains,Montana
89613,Buckinghamshire,lacy.info,89354-8122,Modesto Rue,-64.0974,6312 Milo Square,Indiana
21093,Bedfordshire,lacey.com,10345,Brekke Corner,-24.6965,443 Lesch Trail,Texas
24352,Avon,raegan.biz,06518-7088,Kling Bypass,28.3772,4995 Consuelo Creek,Hawaii
43094,Berkshire,aurelie.org,92026-0844,Runolfsdottir Stravenue,-7.4636,040 Bernadette Trafficway,South Dakota
17739,Berkshire,tyson.name,87595-9677,Schuppe Skyway,-9.8353,19849 Hillary Squares,West Virginia
63480,Bedfordshire,antonia.com,02250,Prosacco Roads,88.2390,110 Justyn Expressway,Massachusetts
50619,Avon,aracely.info,48799,Rice Oval,-11.8528,3919 Jalon Mountain,Rhode Island
20727-7291,Buckinghamshire,elliot.net,01549,Mertz Overpass,-89.9627,115 Davis Glen,Montana
45286,Buckinghamshire,elta.net,50374-6197,Kuvalis Camp,21.3833,49355 Armstrong Port,Michigan
54892,Bedfordshire,meghan.org,92331,Keira Point,-13.8373,15436 Schaden Mountains,Idaho
22034,Borders,brendan.com,33703-9279,Beahan Trafficway,-39.3444,383 Lon Road,Arizona
67462,Borders,randal.name,82115-1845,Green Locks,-58.0874,631 Destin Field,North Carolina
68790,Borders,tressa.com,38401,Rogahn Lights,-11.9812,7554 Schulist Course,Wisconsin
92716,Avon,brady.biz,05768-2070,Sigurd Knoll,-71.1090,018 Weimann Turnpike,New Jersey
37412,Berkshire,arch.org,71381,D'Amore Walk,-37.7697,13959 Ebert Crescent,Missouri
24734,Bedfordshire,clay.info,95357-9927,Nader Cliffs,-15.1060,64148 Gaetano Neck,Pennsylvania
96104,Avon,berniece.name,32822,Bahringer Via,-4.6090,98628 Tyreek Walk,Oklahoma
07810,Cambridgeshire,malachi.info,71435,Gibson Cliffs,85.2789,49736 Jacobi Lock,Arizona
07109-4934,Buckinghamshire,kacie.info,55143-3077,Jaron Parkway,11.5395,810 Jeanie Courts,Hawaii
28323-4314,Cambridgeshire,melody.org,30611,Stoltenberg Spring,57.6330,6957 Bahringer Street,Illinois
14173-9925,Berkshire,maegan.net,73165,Hayes Brooks,-6.6965,3754 Huel Trail,New York
92008-8455,Bedfordshire,letha.org,92974,Eloise Ranch,-27.6944,688 Hope Views,North Carolina
24841-3903,Bedfordshire,barney.info,65808-1165,Meta Shores,84.7487,027 Avis Ports,Massachusetts
01915-5833,Avon,kenya.net,13672,Zora Haven,40.6859,9926 Davon Mills,Kentucky
91229-8611,Buckinghamshire,joey.net,81211,Lehner Pike,-8.6348,1776 Walter Plaza,Virginia
97548,Berkshire,delphine.net,07797-6807,Lamar Crest,-44.3036,878 Tyson Lodge,Nevada
55511,Borders,leonor.org,61246-8968,Fisher Causeway,72.9456,168 Pfannerstill Pike,Arkansas
21896,Avon,sydnee.net,62854-0525,Leif Circles,-42.6433,990 Marc Islands,Indiana
95242,Cambridgeshire,madilyn.com,42682,Marian Grove,67.7062,56828 Virgie Place,New York
43448-1874,Borders,rashawn.com,77167-0069,Abshire Square,-8.4896,729 Wyman Highway,Texas
13495,Berkshire,shana.org,78668,Ward Spurs,-53.0558,01742 Ondricka Meadow,North Dakota
49929,Buckinghamshire,destany.org,45107,Eden Drive,-69.4479,84380 Jacky Rue,Wyoming
02181,Borders,rozella.org,53705-8009,Zboncak Heights,-35.0403,6744 Weber Walks,Virginia
11276-8790,Avon,kadin.org,02970-0906,Ondricka Trafficway,16.5971,374 Wintheiser Skyway,New Hampshire
69166,Berkshire,devonte.org,82443,Marcelina Stravenue,-85.8258,9633 Beer Forks,Georgia
68552-4367,Cambridgeshire,alessandra.com,87577,Kilback Ports,76.4308,7242 Moshe Valley,Arkansas
38392,Bedfordshire,seamus.info,44954-6870,Dewitt Village,47.5337,094 Dickinson Port,Wyoming
80726-5238,Cambridgeshire,dan.info,05870,Logan Manor,-21.4433,4063 Marcel Roads,Nevada
53067,Berkshire,maribel.biz,52113,Fannie Heights,-28.0838,008 Zola Run,Arkansas
05253-0593,Buckinghamshire,sedrick.com,29649,Trantow Springs,36.5054,112 O'Keefe Dam,Mississippi
69790,Borders,margarita.net,25977-1333,Haley Fall,29.9495,61513 Obie Springs,Washington
99380,Borders,lynn.net,35333,Kyler Street,80.3959,1502 Corkery Station,Indiana
35672-0453,Bedfordshire,aubree.net,33788,Glover Gateway,27.5731,426 Shanna Cove,Maine
02211-6144,Avon,katrina.name,64330-8775,Kade Plains,59.0362,18499 Johnson Ridge,Maine
19939-2137,Avon,magnolia.com,06974-9344,Alison Valleys,24.9109,1384 Broderick Heights,Delaware
94263-2413,Avon,asa.org,84182-1919,Garett Vista,-79.3269,88464 Thurman Crest,Vermont
38224-6112,Avon,buddy.org,84242-7881,Eliane Field,32.1934,884 Prosacco Stream,Idaho
77735,Borders,freeda.biz,38240-6482,Rosalia Camp,80.4039,653 Glenna Ports,Hawaii
02554,Cambridgeshire,kayleigh.info,21347-3027,Weimann Haven,-23.3185,10575 Price Mills,Alabama
61077,Avon,garett.com,62034,Nitzsche Turnpike,-62.6246,3815 Cheyenne Key,California
45520,Bedfordshire,makenna.org,19798,Tyrel Ports,-10.4722,73405 Kailee Fall,Georgia
54182,Bedfordshire,patience.net,40524,Barbara Parkways,31.7327,360 Armand Extensions,North Carolina
50102,Buckinghamshire,krystel.name,80167-8310,April Turnpike,61.3914,21826 Kyle Mount,Hawaii
54363,Borders,herminio.org,66680,Satterfield Parkways,-27.8998,915 Abe Loop,Alaska
95498-3706,Berkshire,bart.com,36101-0142,Margie Ports,-15.2408,27541 Miles Manor,Alaska
16233,Buckinghamshire,mackenzie.org,70896,Porter Land,71.2365,28333 Nickolas Spur,Mississippi
96724-3134,Bedfordshire,hermina.net,04598-9985,Jast Trail,-4.0197,0724 Cruickshank Course,Connecticut
88792-8789,Cambridgeshire,irwin.info,74183,Augustine Ports,30.3511,46487 Lindgren Drives,Michigan
49974-0974,Berkshire,conner.org,41727-8074,Abbott Shores,-63.5297,2484 Ward Hills,California
78458-7027,Berkshire,turner.org,01355,Cleora Mission,13.6523,8998 Weimann Lane,Washington
71023,Bedfordshire,eliane.name,25995-7195,Lang Prairie,11.7711,94532 Beier Burg,Rhode Island
52946-6355,Borders,osborne.com,75771-4935,Kuphal Lights,64.5810,24061 Lila Port,Kentucky
02054,Buckinghamshire,asia.name,95814,Tremayne Prairie,-27.3587,7164 Jackson Trail,Minnesota
60667-0453,Cambridgeshire,ottilie.info,78516,Ramon Ridge,77.7292,9946 Hoeger Flats,Tennessee
47501,Cambridgeshire,ewell.org,14813-0138,Nels Fork,-41.2895,053 Terrance Terrace,Colorado
06614,Avon,mack.info,19820-4352,Zulauf Divide,37.4256,69594 Jamaal Stream,Utah
09329,Cambridgeshire,vidal.org,89357,Ruecker Knoll,-25.3129,110 Ron Hills,Oregon
11076-9022,Berkshire,immanuel.org,99885,Von Glens,75.3872,3968 Thiel Drive,Wisconsin
88731-9821,Buckinghamshire,janis.org,72766,Casper Station,-75.2156,980 Graham Roads,Idaho
72276,Avon,christiana.net,08246-0009,Hilll Bridge,31.0826,0076 Lueilwitz Crossing,Oregon
36230,Berkshire,hal.name,95118,Osinski Drives,48.0979,41039 Crooks Ports,Virginia
72003-0461,Buckinghamshire,helena.net,78582-8838,Koch Avenue,-25.7187,0644 Giovanny Tunnel,Idaho
21617-5781,Borders,lazaro.org,70737,Estefania Summit,-56.5876,696 Mohr Highway,Michigan
25710-9745,Berkshire,scottie.net,28027,Amelie Haven,80.6464,11442 Kailyn Pike,South Carolina
71303-3891,Avon,leanna.name,34137-0632,Pagac Ranch,-56.7850,139 Darrell Shores,Minnesota
74231,Berkshire,arely.com,50695,Ryley Ramp,89.6525,4802 Roob Street,New Mexico
33045,Buckinghamshire,waldo.name,48530-5799,Marvin Knolls,-42.6900,7727 Rosalee Corner,Alabama
72350-5521,Buckinghamshire,parker.info,46492-3186,Fahey Summit,19.3516,8475 Wilburn Lock,Hawaii
14761,Borders,javon.com,52608-7564,Emilio Land,30.4578,793 Blair Rapid,Wisconsin
08984-1290,Buckinghamshire,wilburn.biz,63798,Hamill Corner,50.2552,249 Amiya Rest,Georgia
58361,Borders,glen.info,98180-8685,Amanda Radial,-72.4083,547 Ansel Ramp,South Carolina
89199-8070,Buckinghamshire,carmela.org,65844,Boyle Locks,84.7763,47801 Patrick Branch,North Carolina
26354-7333,Cambridgeshire,neoma.biz,70886,Dietrich Fort,-9.5668,0494 Orlo Estate,Illinois
31358,Borders,beau.biz,02339-2216,Lockman Isle,-48.9881,72500 Krajcik Island,Colorado
77030-7966,Avon,edgar.net,89455,Gail Island,11.7932,14546 Crooks Green,Montana
64376-5714,Avon,dorothea.net,04496-5350,Prosacco Extensions,-66.1164,385 Brandy Alley,New Jersey
08036-7563,Bedfordshire,edmond.info,88156-2554,Moen Village,-24.3313,88945 Hortense Plaza,Georgia
63660,Berkshire,genevieve.com,68079-6548,Magnolia Motorway,-50.1882,6989 Zena Walks,Wyoming
50921,Borders,lelah.net,63427,Nienow Park,14.5610,78912 Rogahn Hills,Missouri
56151,Cambridgeshire,ivy.biz,41172,Hickle Views,50.7896,2930 Murray Creek,Rhode Island
44594,Buckinghamshire,vilma.biz,80113-7668,Cathy Inlet,2.8125,3669 Kreiger Shores,Idaho
